source,target,ligand_complex,receptor_complex,lr_means,cellphone_pvals,expr_prod,scaled_weight,lr_logfc,spec_weight,lrscore,specificity_rank,magnitude_rank
Cancer Epithelial,B-cells,MIF,CD74_CXCR4,2.3886042,0.0,5.703758,1.1317655265361304,1.851422720460784,0.070855476,0.96174854,0.03496376262719934,0.0001281479430799274
Cancer Epithelial,T-cells,MIF,CD74_CXCR4,2.221271,0.0,4.890692,0.3621639015844246,-0.1056164804046229,0.017975112,0.958817,1.0,0.0003179370084506667
Normal Epithelial,B-cells,MIF,CD74_CXCR4,2.1865625,0.0,4.755084,0.9514955193581696,1.3557265914591008,0.05907048,0.9582583,0.09597540784822821,0.0003458153077487021
Endothelial,B-cells,HMGB1,CXCR4,2.1476502,0.0,4.572373,0.8124520878491329,1.195002189671386,0.04733283,0.95746756,0.09597540784822821,0.0004206124315991079
Cancer Epithelial,B-cells,HMGB1,CXCR4,2.142846,0.0,4.5498147,0.8075557815025087,1.2257083240141649,0.04709931,0.95736676,0.09597540784822821,0.0004284926968171416
PVL,B-cells,HMGB1,CXCR4,2.1419396,0.0,4.5455594,0.8066323797251036,1.2319775107614506,0.04705526,0.95734763,0.09597540784822821,0.0004364457538905932
Endothelial,T-cells,HMGB1,CXCR4,2.1394782,0.0,4.540541,0.8057930091831899,1.4009465755059471,0.047003314,0.9573251,0.09597540784822821,0.00044447159336598666
Cancer Epithelial,T-cells,HMGB1,CXCR4,2.134674,0.0,4.518141,0.8008967028365657,1.431652709848726,0.04677142,0.95722395,0.09597540784822821,0.0004607415817086929
PVL,T-cells,HMGB1,CXCR4,2.1337676,0.0,4.5139146,0.7999733010591605,1.4379218965960117,0.046727676,0.95720476,0.09597540784822821,0.0004689857718830182
Normal Epithelial,B-cells,HMGB1,CXCR4,2.0831816,0.0,4.269664,0.7467498542159147,1.0207974882951414,0.04419921,0.95605075,0.10336073886513909,0.0006107789013192631
Normal Epithelial,T-cells,HMGB1,CXCR4,2.0750096,0.0,4.2399397,0.7400907755499716,1.2267418741297025,0.04389151,0.95590377,0.1051552407832547,0.0007293215602899507
CAFs,B-cells,HMGB1,CXCR4,2.0270865,0.0,4.006273,0.6895824351299988,1.0373658292781651,0.041472606,0.9546935,0.12312815916246396,0.0009618756003449328
Normal Epithelial,T-cells,MIF,CD74_CXCR4,2.01923,0.0,4.077251,0.18189389440646375,-0.6013126094063062,0.014985412,0.95507175,1.0,0.0010341783667372957
CAFs,T-cells,HMGB1,CXCR4,2.0189145,0.0,3.9783823,0.6829233564640558,1.2433102151127262,0.04118389,0.95454216,0.12563180197060492,0.0010713048242267454
B-cells,B-cells,HMGB1,CXCR4,1.9809644,0.0,3.7897086,0.6425769918343597,1.0923470035244183,0.039230753,0.95347637,0.14373447755147833,0.0014202585494421795
B-cells,T-cells,HMGB1,CXCR4,1.9727924,0.0,3.763326,0.6359179131684166,1.2982913893589794,0.03895764,0.95332116,0.14697487843076515,0.0014636553981841722
CAFs,B-cells,CXCL12,CXCR4,1.9716693,0.0,3.746064,1.4601553813579744,2.344821358903048,0.20419906,0.9532187,0.0031399267848094222,0.0015076997612257985
T-cells,Endothelial,CCL5,ACKR1,1.970645,0.0,3.8833413,1.8406553210452499,4.1582725317621305,0.5577337,0.9540147,2.224194863021254e-06,0.00153742201324586
CAFs,T-cells,CXCL12,CXCR4,1.9634973,0.0,3.7199852,1.4534963026920313,2.5507657447376095,0.20277749,0.9530628,0.0017730482948424239,0.0016437134573222944
T-cells,B-cells,HMGB1,CXCR4,1.94624,0.0,3.6266623,0.6071885571202126,1.0725754257552316,0.03754291,0.9524912,0.16447361512279793,0.0018178509181398595
T-cells,T-cells,HMGB1,CXCR4,1.9380679,0.0,3.6014144,0.6005294784542695,1.2785198115897927,0.037281547,0.9523329,0.16758280477304763,0.0019164928509223873
Myeloid,B-cells,HMGB1,CXCR4,1.8987083,0.0,3.40348,0.5587469020496525,0.8404065978857065,0.035232548,0.95103335,0.19449459196519225,0.002209978322658781
Myeloid,T-cells,HMGB1,CXCR4,1.8905363,0.0,3.3797863,0.5520878233837094,1.0463509837202676,0.03498727,0.9508704,0.19791184832466932,0.00226391603849986
CAFs,B-cells,MIF,CD74_CXCR4,1.8172648,0.0,3.0210664,0.6219911381041168,0.9190613903795384,0.037529483,0.9481823,0.16484816348274656,0.003388524055480957
Endothelial,B-cells,MIF,CD74_CXCR4,1.8149741,0.0,3.0103104,0.6199466679284172,0.8674470488688792,0.03739587,0.9480946,0.1661641223391562,0.0034328123714330383
CAFs,B-cells,CXCL14,CXCR4,1.8032973,0.0,2.9554822,1.2827445305091247,2.606220841869865,0.21596886,0.9476404,0.0025095492601394653,0.003681466524536203
CAFs,T-cells,CXCL14,CXCR4,1.7951252,0.0,2.9349072,1.2760854518431817,2.8121652277044262,0.21446536,0.94746685,0.0026601533069707125,0.003797324353494126
Plasmablasts,B-cells,MIF,CD74_CXCR4,1.7681398,0.0,2.790403,0.5781590256428085,0.7659344414601592,0.034664046,0.946196,0.2038902278283128,0.004478784397585629
Myeloid,B-cells,MIF,CD74_CXCR4,1.7663262,0.0,2.7818866,0.5765408013957426,0.7626546446818288,0.034558248,0.9461182,0.20532286766278857,0.004555079937192531
PVL,B-cells,MIF,CD74_CXCR4,1.7356777,0.0,2.6379783,0.549194940510816,0.8005352368470406,0.032770537,0.94474816,0.23991049326699243,0.005133939626849923
T-cells,B-cells,MIF,CD74_CXCR4,1.7245681,0.0,2.5858142,0.539282554597717,0.8225356714380028,0.032122523,0.94422454,0.2537348828743639,0.005408305857421393
Cancer Epithelial,Myeloid,MIF,CD74_CXCR4,1.6779603,0.0,2.2507603,0.5527056731826727,0.6497930875789117,0.027960284,0.9404557,0.35410440797234555,0.006514804330089368
CAFs,T-cells,MIF,CD74_CXCR4,1.6499319,1.0,2.590416,-0.14761048684758904,-1.0379778104858686,0.009520742,0.9442713,1.0,0.006979356301409258
Endothelial,T-cells,MIF,CD74_CXCR4,1.6476412,1.0,2.5811934,-0.14965495702328863,-1.0895921519965277,0.009486845,0.94417745,1.0,0.0070424823884765305
Plasmablasts,B-cells,HMGB1,CXCR4,1.6376152,0.0,2.1775317,0.29265853679932546,0.480651044498814,0.02254163,0.9395228,0.5748809854698244,0.0073622853617013664
Plasmablasts,T-cells,HMGB1,CXCR4,1.6294432,0.0,2.1623724,0.2859994581333824,0.6865954303333751,0.022384701,0.939324,0.581606775279765,0.007623135744306632
Plasmablasts,T-cells,MIF,CD74_CXCR4,1.600807,1.0,2.3926334,-0.1914425993088973,-1.1911047594052477,0.008793817,0.94214433,1.0,0.00822629956572759
Myeloid,T-cells,MIF,CD74_CXCR4,1.5989933,1.0,2.385331,-0.1930608235559632,-1.1943845561835782,0.008766978,0.94206095,1.0,0.008294704740569434
Cancer Epithelial,B-cells,TFF3,CXCR4,1.580601,0.0,1.9098245,1.2661775464374567,1.9095076315485353,0.22689715,0.93568677,0.0019780347387064307,0.008958367047077913
Cancer Epithelial,B-cells,ZG16B,CXCR4,1.5757618,0.0,1.8871025,1.3837717876626972,1.7969811951893955,0.21775392,0.93532574,0.0024321365135412387,0.009065437204294676
Cancer Epithelial,T-cells,TFF3,CXCR4,1.572429,0.0,1.896529,1.2595184677715137,2.115452017383096,0.22531757,0.93547624,0.0020609007152487934,0.009137164098229768
PVL,T-cells,MIF,CD74_CXCR4,1.5683448,1.0,2.261937,-0.22040668444088984,-1.1565039640183663,0.008313458,0.94059426,1.0,0.00935399768236184
Cancer Epithelial,T-cells,ZG16B,CXCR4,1.5675898,0.0,1.8739651,1.377112708996754,2.002925581023957,0.21623799,0.9351141,0.0024835679055012745,0.009390378875518812
CAFs,PVL,CXCL12,ITGB1,1.5639687,0.0,2.444996,1.2111127820301442,1.9368932512631405,0.123642564,0.94273156,0.018182109081015918,0.009536591354736244
B-cells,B-cells,MIF,CD74_CXCR4,1.5637214,0.0,1.8305676,0.3957673521522939,0.5320008195512196,0.0227404,0.93439966,0.5630159358550979,0.00957331741714385
T-cells,T-cells,MIF,CD74_CXCR4,1.5572352,1.0,2.2172086,-0.2303190703539888,-1.1345035294274042,0.008149066,0.9400338,1.0,0.009795117007741811
Myeloid,B-cells,TGFB1,CXCR4,1.4774288,0.0,1.4253851,0.9254938477802436,1.310500337249686,0.08344468,0.92630243,0.09597540784822821,0.013031324110629024
Normal Epithelial,Myeloid,MIF,CD74_CXCR4,1.4759189,0.0,1.8764039,0.37243566600471195,0.1540969585772285,0.023309806,0.93515354,0.533704275645783,0.013116903866313506
CAFs,CAFs,CXCL12,ITGB1,1.4717045,0.0,2.1505601,1.11000780629101,1.757121168343021,0.10875304,0.93916774,0.0407316736502684,0.013375282287597656
Myeloid,T-cells,TGFB1,CXCR4,1.4692568,0.0,1.415462,0.9188347691143005,1.516444723084247,0.08286376,0.9260636,0.09597540784822821,0.01359246859129375
Normal Epithelial,B-cells,CXCL14,CXCR4,1.4714086,0.0,1.3971177,0.8810463911350002,1.6026900784533082,0.10209296,0.9256158,0.0715202032081802,0.013767441168433663
Normal Epithelial,T-cells,CXCL14,CXCR4,1.4632366,0.0,1.3873914,0.8743873124690571,1.8086344642878696,0.10138222,0.9253749,0.07420056844006337,0.01403193996694076
Endothelial,B-cells,CXCL12,CXCR4,1.4612398,0.0,1.3493707,0.8249148436501008,1.3863534686746535,0.0735546,0.9244098,0.09597540784822821,0.015206319249478427
Endothelial,T-cells,CXCL12,CXCR4,1.4530678,0.0,1.3399769,0.8182557649841578,1.5922978545092148,0.073042534,0.92416537,0.09597540784822821,0.015716948943660772
Endothelial,Myeloid,HMGB1,CXCR4,1.4370065,0.0,1.8043042,0.23339223449567525,-0.00662744321048625,0.018678011,0.9339553,0.9212313280293429,0.016378663927338437
Cancer Epithelial,Myeloid,HMGB1,CXCR4,1.4322023,0.0,1.7954026,0.22849592814905106,0.02407869113229255,0.01858586,0.93380266,0.8491887872899326,0.016570153298664198
PVL,Myeloid,HMGB1,CXCR4,1.431296,0.0,1.7937233,0.227572526371646,0.030347877879578267,0.018568479,0.9337737,0.8507921643038554,0.016666300928595626
T-cells,Normal Epithelial,CCL5,SDC4,1.4242613,0.0,1.7189573,1.48727992200774,2.6111082798712815,0.28736803,0.93244505,0.0004974812133460954,0.017102305759035034
B-cells,T-cells,MIF,CD74_CXCR4,1.3963885,1.0,1.5696218,-0.37383427279941195,-1.4250383813141874,0.0057689436,0.92952573,1.0,0.019312204946582357
Myeloid,Endothelial,CXCL10,ACKR1,1.3940376,0.0,1.6222972,1.4314799367926814,3.5648994710896305,0.45006844,0.9305993,2.0473726884781104e-05,0.01962360360394945
CAFs,Endothelial,CXCL12,ITGB1,1.3835955,0.0,1.8693836,1.0134547301802326,1.5327545145582542,0.09453405,0.9350398,0.07916182616556108,0.020785955998021837
Normal Epithelial,Myeloid,HMGB1,CXCR4,1.3725379,0.0,1.6848522,0.16769000086245694,-0.18083214458673091,0.017441453,0.93181115,1.0,0.022311918301514515
CAFs,Myeloid,HMGB1,CXCR4,1.3164428,0.0,1.5809155,0.11052258177654115,-0.16426380360370718,0.016365508,0.9297602,1.0,0.027690858236756433
T-cells,B-cells,TGFB1,CXCR4,1.4024042,0.0,1.0731113,0.8001928535382841,1.3363858236464905,0.06282192,0.91600704,0.09597540784822821,0.028808301692019755
T-cells,T-cells,TGFB1,CXCR4,1.3942322,0.0,1.0656406,0.793533774872341,1.5423302094810516,0.06238457,0.91573787,0.09597540784822821,0.029311736414899675
T-cells,Cancer Epithelial,CCL5,SDC4,1.3020887,0.0,1.2349964,1.2542789543179846,2.3933809097588323,0.2064615,0.9212566,0.003167472361319454,0.02981934889932826
PVL,B-cells,CXCL12,CXCR4,1.3917503,0.0,1.0230868,0.7384335747762526,1.1122416086841551,0.05576876,0.91415226,0.09597540784822821,0.0329523897449631
PVL,T-cells,CXCL12,CXCR4,1.3835783,0.0,1.0159644,0.7317744961103095,1.3181859945187162,0.05538052,0.9138777,0.09597540784822821,0.0334217677530813
Myeloid,Endothelial,CXCL9,ACKR1,1.2709386,0.0,1.1395906,1.334987936442759,2.947676939137325,0.38553518,0.91829056,8.253321977006546e-05,0.034780287983945564
B-cells,Myeloid,HMGB1,CXCR4,1.2703207,0.0,1.4954572,0.06351713848090204,-0.10928262935745403,0.01548085,0.9279238,1.0,0.034986293873509516
CAFs,Myeloid,CXCL12,CXCR4,1.2610255,0.0,1.4782345,0.8810955280045166,1.1431917260211761,0.080579005,0.9275355,0.09597540784822821,0.03637445180006503
Endothelial,B-cells,TGFB1,CXCR4,1.3817723,0.0,0.97623515,0.7657346610871403,1.1483819319678132,0.057150614,0.9122949,0.09597540784822821,0.037361445759494724
Cancer Epithelial,Plasmablasts,MIF,CD74_CXCR4,1.4152815,0.0,0.97441125,0.3386643698864823,-0.00837107748478294,0.012104716,0.9122201,1.0,0.03750347322316726
Endothelial,T-cells,TGFB1,CXCR4,1.3736002,0.0,0.9694389,0.7590755824211972,1.3543263178023743,0.05675275,0.9120151,0.09597540784822821,0.03828918641499844
T-cells,Myeloid,HMGB1,CXCR4,1.2355963,0.001,1.4311173,0.02812870376675486,-0.12905420712664073,0.01481481,0.9264393,1.0,0.040471361093545016
Normal Epithelial,B-cells,ZG16B,CXCR4,1.3746685,0.0,0.9428798,0.9413073666077674,1.3203513585398494,0.10879948,0.9108941,0.056779781807891505,0.041062962369688594
T-cells,Plasmablasts,CCL5,SDC1,1.2326527,0.0,0.95994014,1.1796728607783138,2.2966647719820865,0.19180514,0.9116192,0.004657546653769494,0.04121150107054685
CAFs,Normal Epithelial,CXCL12,SDC4,1.2317469,0.0,1.3847995,1.4176286643486193,1.9333452786289298,0.25026032,0.9253103,0.001112736338821689,0.0416586342420208
Normal Epithelial,T-cells,ZG16B,CXCR4,1.3664964,0.0,0.9363158,0.9346482879418243,1.5262957443744107,0.108042054,0.9106102,0.058297783303679,0.0418830629249358
Myeloid,Myeloid,HMGB1,CXCR4,1.1880647,0.49,1.3430475,-0.020312951303805227,-0.3612230349961658,0.013903118,0.92424554,1.0,0.0525698347537478
CAFs,Myeloid,CXCL12,CD4,1.1842252,0.0,1.2331465,1.589182120990405,1.995720152037807,0.3942198,0.9212022,0.00011977731658279679,0.05408092765908143
T-cells,Endothelial,CXCL13,ACKR1,1.198347,0.0,0.8549375,1.2812873039088908,3.3283316776411995,0.39432183,0.90683985,0.00013682897217740403,0.05518478377978561
T-cells,CAFs,CCL5,SDC1,1.2051187,0.0,0.8508698,1.1228051124418876,2.404958792317389,0.17001185,0.90663826,0.008137612237923642,0.05561212570213844
T-cells,Cancer Epithelial,CCL5,SDC1,1.2031318,0.0,0.84299934,1.1187017646088158,2.2219672996081656,0.16843927,0.9062442,0.008557207218983273,0.056903439030281944
T-cells,T-cells,CCL5,CXCR3,1.2031015,0.0,0.8428795,1.3336472997543403,2.5263190588857936,0.3686508,0.90623814,0.000109597017537453,0.05699002220692746
CAFs,Normal Epithelial,CXCL12,ITGB1,1.1730442,0.0,1.1974653,0.7827267690098615,1.127305097557402,0.060555384,0.9201299,0.09597540784822821,0.05768489908182976
Normal Epithelial,Plasmablasts,MIF,CD74_CXCR4,1.2132401,0.0,0.8123429,0.1583943627085215,-0.5040672064864662,0.010091406,0.9046586,1.0,0.06302193473398635
B-cells,B-cells,TGFB1,CXCR4,1.3452634,0.0,0.80480945,0.7047600798386336,1.1699481059285615,0.047115035,0.90425605,0.09597540784822821,0.064207341908055
B-cells,T-cells,TGFB1,CXCR4,1.3370913,0.0,0.7992067,0.6981010011726906,1.3758924917631226,0.04678704,0.9039532,0.09597540784822821,0.06540306293716337
Endothelial,Plasmablasts,HMGB1,CXCR4,1.1743276,0.813,0.7811291,0.019350931199484805,-0.6647916082741809,0.008086185,0.9029554,1.0,0.07000223537844275
Cancer Epithelial,Plasmablasts,HMGB1,CXCR4,1.1695235,0.886,0.7772754,0.014454624852860615,-0.6340854739314021,0.008046291,0.9027385,1.0,0.07105467127456014
PVL,Plasmablasts,HMGB1,CXCR4,1.1686171,0.907,0.7765484,0.01353122307545554,-0.6278162871841164,0.008038765,0.9026974,1.0,0.07134295743070433
CAFs,Cancer Epithelial,CXCL12,ITGB1,1.1234249,0.0,1.0391188,0.7283527797442089,1.0271384953755427,0.052547857,0.9147604,0.09597540784822821,0.07405981211664425
CAFs,Cancer Epithelial,CXCL12,SDC4,1.1095743,0.0,0.9949185,1.1846276966588642,1.7156179085164807,0.17980123,0.9130504,0.0063192682771143725,0.07993829976161944
Normal Epithelial,Plasmablasts,HMGB1,CXCR4,1.109859,1.0,0.72941536,-0.04635130243373348,-0.8389963096504256,0.0075508477,0.8999126,1.0,0.08085325119468133
CAFs,Myeloid,MIF,CD74_CXCR4,1.1066211,0.0,1.1921432,0.04293128475065913,-0.2825682425023339,0.014809512,0.91996604,1.0,0.08177300914624062
Endothelial,Myeloid,MIF,CD74_CXCR4,1.1043304,0.001,1.1878988,0.04088681457495956,-0.33418258401299306,0.014756786,0.9198347,1.0,0.08249169239549593
CAFs,Myeloid,CXCL14,CXCR4,1.0926535,0.0,1.166263,0.7036846771556671,1.4045912089879926,0.08522349,0.91915435,0.09597540784822821,0.0870754239056496
CAFs,Endothelial,CXCL12,ITGA5,1.0864112,0.0,0.9209995,1.3598981228460654,1.8500374790591694,0.28457004,0.9099366,0.0005405242796017105,0.09058794639715724
CAFs,B-cells,TGFB1,CXCR4,1.3227829,0.0,0.69925386,0.6672147801375782,1.0249857111613139,0.040935613,0.8979947,0.12863965920202822,0.09144906407444581
CAFs,T-cells,TGFB1,CXCR4,1.3146108,0.0,0.6943859,0.6605557014716351,1.230930096995875,0.040650632,0.89767426,0.13067468582738523,0.09220560583154912
CAFs,Myeloid,CXCL12,ITGB1,1.0811219,0.0,0.9041202,0.6819960084262282,0.9404021090647585,0.045721028,0.9091758,0.09597540784822821,0.09296500518649509
Normal Epithelial,B-cells,TFF3,CXCR4,1.3192959,0.0,0.6828805,0.7950132746174768,1.6524965447494748,0.08112978,0.89690435,0.09597540784822821,0.09559031547875144
Normal Epithelial,T-cells,TFF3,CXCR4,1.3111238,0.0,0.6781266,0.7883541959515338,1.858440930584036,0.08056498,0.89658093,0.09597540784822821,0.09603112656948781
CAFs,T-cells,CXCL12,ITGB1,1.0632999,0.0,0.8472459,0.6624660002156942,1.0989607975011682,0.042844914,0.9064574,0.1122865802253748,0.10116692397056462
Plasmablasts,Myeloid,MIF,CD74_CXCR4,1.0574962,0.285,1.1011211,-0.0009008277106491158,-0.4356951914217131,0.013678781,0.91699296,1.0,0.10275420104687068
Myeloid,Myeloid,MIF,CD74_CXCR4,1.0556824,0.34,1.0977603,-0.0025190519577150544,-0.43897498820004355,0.013637032,0.91687655,1.0,0.10378054187869255
CAFs,Plasmablasts,HMGB1,CXCR4,1.053764,1.0,0.68441844,-0.10351872151964929,-0.8224279686674019,0.0070850435,0.8970083,1.0,0.1049263686472207
Endothelial,PVL,CXCL12,ITGB1,1.0535392,0.0,0.88071275,0.5758722443222708,0.9784253610347458,0.04453732,0.908087,0.10100391624799536,0.10515622387347337
CAFs,Endothelial,CXCL9,ACKR1,1.1448331,0.0,0.6450941,1.1264294055866089,2.805964157892841,0.21824194,0.8942427,0.002398240658294748,0.10642449017664952
PVL,B-cells,TGFB1,CXCR4,1.3088044,0.0,0.6336186,0.6438688678012053,1.003893173194705,0.037093204,0.89339095,0.16967994747982815,0.11050583378289512
Myeloid,Endothelial,CCL5,ACKR1,1.1416876,0.0,0.6327598,0.9646787439093336,1.6772722479027722,0.09087831,0.89332634,0.09597540784822821,0.11097671634389307
PVL,T-cells,TGFB1,CXCR4,1.3006324,0.0,0.62920755,0.6372097891352623,1.209837559029266,0.036834974,0.8930578,0.174421555612011,0.11168472877521717
T-cells,Myeloid,CCL5,CCR1,1.1467204,0.0,0.6195376,1.4101043785928336,2.3202821773539504,0.47479302,0.892316,2.7665911722986133e-05,0.11537529092789148
PVL,Myeloid,MIF,CD74_CXCR4,1.025034,0.931,1.0409727,-0.029864912842641686,-0.40109439603483166,0.012931583,0.9148299,1.0,0.11863381701663334
T-cells,Myeloid,CCL5,CCRL2,1.142916,0.0,0.6044666,1.353839383376492,2.371948067008782,0.42485785,0.89112705,5.322917233077596e-05,0.12082890348116984
T-cells,Myeloid,MIF,CD74_CXCR4,1.0139244,0.987,1.0203882,-0.03977729875574064,-0.37909396144386953,0.01267587,0.91404855,1.0,0.12440358049741515
CAFs,T-cells,CXCL12,CXCR3,1.0105872,0.0,0.6790274,1.2639960420952197,1.8485560576434417,0.3210471,0.89664245,0.0003340007631856801,0.12589647613164362
B-cells,Plasmablasts,HMGB1,CXCR4,1.0076418,1.0,0.64742136,-0.1505241648152884,-0.7674467944211487,0.006702053,0.8944129,1.0,0.12802510140635268
CAFs,CAFs,CXCL12,ITGAV,1.0009487,0.0,0.64826876,1.0335648526081809,1.5756767974117376,0.13401674,0.8944746,0.023635457519497242,0.1318205383518375
CAFs,Plasmablasts,CXCL12,CXCR4,0.99834675,0.0,0.63996524,0.6670542247083262,0.48502756095748145,0.034884695,0.89386463,0.19963726494461298,0.13296886146014808
CAFs,T-cells,CXCL12,ITGA4,0.99226743,0.0,0.62056476,1.0739394356164393,1.707579840825228,0.1733379,0.8923955,0.007515889783926,0.1359237031313557
PVL,PVL,CXCL12,ITGB1,0.9840497,0.0,0.6677524,0.48939097544842264,0.7043135010442473,0.033767994,0.895864,0.21960295079026543,0.14100035883731124
T-cells,Plasmablasts,HMGB1,CXCR4,0.97291744,1.0,0.61956704,-0.18591259952943556,-0.7872183721903354,0.006413707,0.89231825,1.0,0.14642665029056257
Endothelial,CAFs,CXCL12,ITGB1,0.9612751,0.0,0.77465385,0.47476726858313634,0.7986532781146262,0.03917396,0.9025901,0.14432732722863803,0.15357574375520777
CAFs,Endothelial,CXCL10,ACKR1,1.1116852,0.0,0.51511157,1.0346510327556213,2.5792040570062915,0.14290565,0.8831211,0.017624900639258992,0.1650734108660462
T-cells,Normal Epithelial,CCL5,SDC1,1.1179363,0.0,0.5055149,0.9427418679010421,1.9951529013526643,0.10100667,0.882147,0.07521194298497738,0.17160259245820034
CAFs,PVL,CXCL12,AVPR1A,0.9553044,0.0,0.50260705,1.3587046463570138,1.7421065698717684,0.5020411,0.88184685,0.0006199120002060761,0.17404366049087708
Plasmablasts,Myeloid,HMGB1,CXCR4,0.9269715,1.0,0.8592759,-0.2864013165541322,-0.7209785883830583,0.008895154,0.9070535,1.0,0.1744759907989875
Myeloid,Plasmablasts,HMGB1,CXCR4,0.92538583,1.0,0.5814393,-0.23435425459999565,-1.0193872000598605,0.0060190125,0.8892286,1.0,0.17563121133000556
CAFs,Myeloid,CXCL12,ITGA4,0.9528166,0.0,0.49466807,0.9860444017515058,1.435127447083715,0.13817209,0.8810148,0.020115136612147616,0.17970064168776742
CAFs,B-cells,CXCL12,ITGA4,0.9470385,0.0,0.47622862,0.9731706801997168,1.5728838268704983,0.13302152,0.87900925,0.02446788556397549,0.19396027576839048
T-cells,PVL,CCL5,ADRA2A,1.1090813,0.0,0.4704379,1.289462615023365,2.303051871710368,0.42855346,0.8783572,0.00012933668300209598,0.19973480132615362
PVL,CAFs,CXCL12,ITGB1,0.8917856,0.0,0.58733904,0.3882859997092882,0.5245414181241277,0.029701518,0.8897248,0.30979038937605435,0.20434528982913705
CAFs,Endothelial,CXCL12,ITGAV,0.9402637,0.0,0.45460874,0.9009787080801772,1.4165957311334143,0.09398136,0.8765168,0.0959101548446452,0.21385918754360583
Endothelial,Endothelial,CXCL12,ITGB1,0.87316597,0.0,0.67337114,0.37821419247235916,0.5742866243298593,0.034052134,0.89625424,0.2140779010189828,0.22500455022613458
Cancer Epithelial,Myeloid,TFF3,CXCR4,0.86995727,0.0,0.75363594,0.6871176930839991,0.707877998666663,0.0895359,0.90137416,0.09597540784822821,0.22807130776385015
CAFs,PVL,CXCL12,ITGAV,0.9351202,0.0,0.4381948,0.8897413197240387,1.4334193295383761,0.09058811,0.8745129,0.09597540784822821,0.22871920278970642
Cancer Epithelial,Myeloid,ZG16B,CXCR4,0.86511815,0.0,0.7446696,0.8047119343092396,0.5953515623075233,0.08592789,0.9008409,0.09597540784822821,0.23393036134359868
CAFs,B-cells,CXCL12,ITGB1,0.9329192,0.0,0.4311707,0.5195912810347104,0.7884860532295872,0.021804145,0.87362355,0.6176381366345599,0.23573319601309964
B-cells,Myeloid,MIF,CD74_CXCR4,0.85307777,1.0,0.7223604,-0.18329250120116375,-0.6696288133306527,0.008973591,0.899474,1.0,0.2483485264936211
Myeloid,Normal Epithelial,CXCL10,SDC4,0.847654,0.0,0.7181083,1.0781045377551717,2.0177352191987814,0.23189433,0.8992068,0.001715443588981209,0.25289679123730113
Myeloid,Myeloid,CXCL9,FCGR2A,0.8473743,0.0,0.64721185,1.3502679807069864,1.8366335628516623,0.38755172,0.89439756,0.0003647634740013425,0.2532350852575476
CAFs,Plasmablasts,MIF,CD74_CXCR4,0.8439423,1.0,0.51610905,-0.17111001854553132,-0.9407324075660286,0.006411413,0.8832209,1.0,0.25662840788636676
Endothelial,Plasmablasts,MIF,CD74_CXCR4,0.84165156,1.0,0.51427156,-0.17315448872123088,-0.9923467490766877,0.0063885865,0.88303685,1.0,0.2596985522877594
CAFs,Myeloid,CXCL12,ITGAV,0.9248255,0.0,0.40534183,0.8672490283312556,1.344848379199041,0.0837964,0.87017393,0.09597540784822821,0.2655392739584771
CAFs,Plasmablasts,CXCL14,CXCR4,0.82997465,0.0,0.50490487,0.48964337385947665,0.7464270439242979,0.03689541,0.88208425,0.1732512725360983,0.27317804361611503
Myeloid,Endothelial,CXCL11,ACKR1,1.0817194,0.0,0.39760733,1.213879483231886,2.5791676253665665,0.3911539,0.8690818,0.00033170827906604095,0.2733526790584425
Plasmablasts,Cancer Epithelial,TGFB1,CXCR4,0.1156445,1.0,0.013341869,-0.39191442148968236,-1.521048104537793,0.00078105775,0.5487411,1.0,0.27687718962934327
Myeloid,Cancer Epithelial,CXCL12,CXCR4,0.116381295,1.0,0.013503975,-0.3680369531629404,-1.8057593443810465,0.00073610566,0.5502359,1.0,0.28713004701620043
Plasmablasts,Normal Epithelial,TGFB1,CXCR4,0.11785808,1.0,0.013878804,-0.39011068407762356,-1.523868948212026,0.0008124909,0.55362135,1.0,0.30433974945850156
Myeloid,PVL,CXCL12,CD4,0.11804848,1.0,0.013913288,-0.13076183565848737,-0.5810403986764752,0.0044478844,0.55392796,1.0,0.30648586192493593
PVL,Endothelial,CXCL12,ITGB1,0.8036765,0.0,0.5105469,0.29173292359851094,0.30017476433936086,0.025818173,0.8826609,0.4218379202055892,0.3112258202502064
CAFs,Normal Epithelial,CXCL12,ITGAV,0.91291875,0.0,0.36734465,0.8412348588438403,1.301802264148599,0.07594124,0.864512,0.09597540784822821,0.3141793264634236
Myeloid,Plasmablasts,CXCL12,ITGA4,0.11849784,1.0,0.01402361,-0.14855184148680667,-0.6095170647023502,0.0039171143,0.55490357,1.0,0.31559400796325604
Myeloid,Normal Epithelial,CXCL12,CXCR4,0.11859488,1.0,0.014047434,-0.36623321575088164,-1.8085801880552794,0.00076572975,0.5551131,1.0,0.31826893573437015
Myeloid,Myeloid,IL15,IL2RA,0.11930126,0.0,0.01411851,0.2965208780709617,0.17540944956093882,0.08563658,0.55573624,0.32729753363133124,0.32254519142349825
Plasmablasts,Plasmablasts,MIF,CD74_CXCR4,0.7948173,1.0,0.47670326,-0.21494213100683957,-1.0938593564854078,0.0059218914,0.8790622,1.0,0.3229204846481917
Myeloid,Plasmablasts,MIF,CD74_CXCR4,0.79300356,1.0,0.47524834,-0.2165603552539055,-1.0971391532637382,0.0059038172,0.87889963,1.0,0.324792834753207
Plasmablasts,Plasmablasts,GNAI2,CXCR3,0.12002754,1.0,0.014277985,-0.17394390744301097,-0.4396663229350186,0.0047171367,0.55712235,1.0,0.3326829929074981
Myeloid,Myeloid,CXCL12,SDC4,0.11967403,1.0,0.014312377,-0.21528320038835286,-0.7101322273600382,0.002586526,0.5574192,1.0,0.3337486551449254
Myeloid,CAFs,CXCL12,SDC4,0.119705945,1.0,0.014320212,-0.2152223744723325,-0.7112084267741825,0.0025879422,0.5574867,1.0,0.3342813798071809
CAFs,CAFs,CXCL12,ITGA5,0.9089757,0.0,0.3547615,0.9163426105858709,1.4198219362917945,0.10961406,0.86245775,0.05496581620066392,0.33630816686196546
Plasmablasts,Endothelial,CCL5,ACKR1,1.0694742,0.0,0.34959036,0.8883693621613402,1.522732560224953,0.050208908,0.86158454,0.09597540784822821,0.34241319987550123
Myeloid,PVL,CXCL12,ACKR3,0.12162818,1.0,0.014792144,0.10774854064540036,-0.3949771174632931,0.019825052,0.5614823,1.0,0.3581802740996031
B-cells,Endothelial,CCL5,ACKR1,1.0672683,0.0,0.34093994,0.8860382359537626,1.473390246458959,0.04896652,0.8600837,0.09597540784822821,0.35884151501076533
Myeloid,Myeloid,TGFB1,CXCR4,0.766785,0.0,0.5624713,0.3464339944267859,0.1088707043678136,0.03292811,0.8875845,0.49499395662378426,0.359231741229606
PVL,Plasmablasts,MIF,CD74_CXCR4,0.7623551,1.0,0.45066354,-0.24390621613883212,-1.0592585610985263,0.0055984105,0.87604433,1.0,0.3656945216482135
Normal Epithelial,Myeloid,CXCL14,CXCR4,0.7607649,0.0,0.5513167,0.30198653778154244,0.40106044557143605,0.040286906,0.88658136,0.21740332076936708,0.3694361433451289
Myeloid,Plasmablasts,CXCL10,CXCR3,0.47939968,0.0,0.108698614,0.5236498408699517,1.3980518700388076,0.091833375,0.7763327,0.09597540784822821,0.3760095492939863
B-cells,Cancer Epithelial,CCL5,SDC4,0.3987121,0.0,0.108427145,0.29966186922649757,-0.291501375544339,0.018126395,0.77611554,1.0,0.3789037441257475
T-cells,Plasmablasts,MIF,CD74_CXCR4,0.75124556,1.0,0.441752,-0.2538186020519311,-1.0372581265075642,0.0054877056,0.87495583,1.0,0.3817492631822356
Endothelial,Myeloid,CXCL12,CXCR4,0.7505961,0.0,0.5324753,0.24585499029664315,0.1847238357927813,0.029025385,0.88482124,0.34537320423284595,0.3827491222472315
Myeloid,Normal Epithelial,CXCL12,SDC4,0.4953165,0.0,0.10653676,0.5011251355613004,0.08995096271378256,0.019253273,0.77458376,0.7893142150622985,0.3870864722044748
Plasmablasts,Normal Epithelial,HMGB1,CXCR4,0.5209712,1.0,0.106138684,-0.6172265315222114,-1.8293561865443668,0.001098739,0.7742567,1.0,0.3895936104722593
Plasmablasts,Cancer Epithelial,CCL5,SDC4,0.4009181,0.0,0.11117818,0.3019929954340751,-0.24215906177834495,0.0185863,0.77828485,1.0,0.3901851754055675
Plasmablasts,Myeloid,TGFB1,CXCR4,0.52385837,0.089,0.1123598,-0.05928546910954437,-0.4154913500507177,0.006577751,0.7791956,1.0,0.39822888927635014
Myeloid,T-cells,GNAI2,CXCR3,0.7390446,0.0,0.4479131,0.8906904016311541,1.0572181974205515,0.14798078,0.87571156,0.02315224460927228,0.4015313886062457
Myeloid,Myeloid,CXCL12,CXCR4,0.52459514,0.294,0.11372499,-0.03540800078280243,-0.700202589893971,0.006199183,0.7802328,1.0,0.40699083422060944
Plasmablasts,Cancer Epithelial,HMGB1,CXCR4,0.51875764,1.0,0.10203245,-0.6190302689342702,-1.8265353428701339,0.0010562317,0.77079,1.0,0.415880367555323
Endothelial,T-cells,GNAI2,CXCR3,0.7274031,0.0,0.43800482,0.8743150216377878,1.0754241559666704,0.1447073,0.87448907,0.021108623680457708,0.42190476142826117
Myeloid,Cancer Epithelial,CXCL10,SDC4,0.72548145,0.0,0.51592976,0.8451035700654164,1.8000078490863325,0.16660605,0.88320297,0.017842559091579325,0.4248168912011837
Endothelial,Normal Epithelial,CXCL12,SDC4,0.7213174,0.0,0.498819,0.782388126640746,0.9748773884005348,0.09014634,0.88145214,0.09597540784822821,0.4315018120252313
CAFs,Myeloid,CXCL9,FCGR2A,0.7212688,0.0,0.36637065,1.141709449850836,1.694920781607178,0.21938345,0.86435646,0.00234798110423966,0.43171133081684976
Endothelial,Plasmablasts,CXCL12,ITGB1,0.37499642,1.0,0.100717865,-0.16769378864442666,-0.36812482022990467,0.0050932653,0.7696425,1.0,0.4452595797219241
Myeloid,Plasmablasts,CXCL12,CXCR3,0.1270622,1.0,0.016126256,-0.05332956132391953,-0.5297323864461914,0.0076245633,0.5720834,1.0,0.44665813052609765
T-cells,Cancer Epithelial,MIF,CD74_CXCR4,0.6057105,1.0,0.121163316,-0.3724062511358786,-1.484650715930945,0.0015051628,0.7856164,1.0,0.44866087925209586
Myeloid,CAFs,CXCL10,SDC4,0.47204342,0.0,0.09652503,0.3617570277215387,1.2165758297108165,0.031170238,0.76585156,0.2742744246497746,0.4545320518599316
Myeloid,Myeloid,CXCL10,SDC4,0.4720115,0.0,0.09647221,0.3616962018055183,1.2176520291249606,0.031153182,0.7658025,0.27454911108259245,0.4546959643750962
Myeloid,B-cells,CXCL12,CXCR4,1.2352389,0.0,0.28819588,0.5436518525706553,0.5014270429879013,0.015709642,0.849662,0.687501205744533,0.4614231637630926
PVL,Cancer Epithelial,MIF,CD74_CXCR4,0.61682004,1.0,0.12360757,-0.36249386522277965,-1.5066511505219071,0.0015355268,0.7872935,1.0,0.4624397530745703
Myeloid,T-cells,CXCL12,CXCR4,1.2270669,0.0,0.28618956,0.5369927739047122,0.7073714288224624,0.015600277,0.84921527,0.687501205744533,0.46572788820263245
Endothelial,Cancer Epithelial,CXCL12,ITGAV,0.36991763,0.0,0.09487974,0.13483091554519783,0.2719941381189901,0.019614508,0.76430655,0.7981481730848305,0.46909898379722587
Myeloid,Myeloid,CXCL12,CD4,0.44779477,0.0,0.09486964,0.672678592203086,0.15232583612265982,0.030328505,0.764297,0.38059070333676,0.4692663797245468
Plasmablasts,B-cells,TGFB1,CXCR4,1.2345021,0.0,0.28473628,0.5197743842439133,0.7861382828311546,0.01666899,0.848889,0.687501205744533,0.4696148046521876
Plasmablasts,T-cells,TGFB1,CXCR4,1.22633,0.0,0.28275403,0.5131153055779702,0.9920826686657157,0.016552946,0.8484404,0.687501205744533,0.4741646175447901
Endothelial,T-cells,CXCL12,CD4,0.36933106,0.0,0.09420546,0.212101028489951,0.44237234050008545,0.030116176,0.7636636,0.45500733480920297,0.4743036573536328
T-cells,Normal Epithelial,MIF,CD74_CXCR4,0.6079241,1.0,0.12603946,-0.3706025137238198,-1.487471559605178,0.0015657371,0.7889203,1.0,0.4770049894011744
CAFs,Plasmablasts,CXCL12,ITGB1,0.88542587,0.0,0.27960852,0.4675467490634468,0.5903430699984902,0.014139701,0.8477197,0.687501205744533,0.48222030535815874
T-cells,Myeloid,TGFB1,CXCR4,0.6917605,0.0,0.42346048,0.22113300018482646,0.13475619076461814,0.02479016,0.8726241,0.46532902581371255,0.4833126700948298
Cancer Epithelial,Normal Epithelial,TFF3,CXCR4,0.46395698,0.007,0.09308992,0.35629247811591985,-0.4004995994946454,0.01105957,0.7625869,1.0,0.48465729474026065
Endothelial,CAFs,CXCL12,ITGA5,0.39854625,0.0,0.12778874,0.2811020728779974,0.4613540460633996,0.03948411,0.79006565,0.2571188356263327,0.4861976383552026
Cancer Epithelial,Normal Epithelial,MIF,CD74_CXCR4,1.27196,0.0,0.27801633,0.22188045821459357,-0.4585845105823967,0.0034536843,0.8473508,1.0,0.48681456940982626
PVL,Normal Epithelial,MIF,CD74_CXCR4,0.61903363,1.0,0.12858208,-0.36069012781072085,-1.50947199419614,0.001597323,0.7905784,1.0,0.49083776300693027
Myeloid,Normal Epithelial,CXCL12,ITGB1,0.43661374,1.0,0.09212458,-0.1337767597774576,-0.7160892183577451,0.004658706,0.761642,1.0,0.4951605202365948
PVL,Endothelial,CXCL12,ITGAV,0.36034477,0.0,0.1241581,0.17925690149845552,0.184015980914521,0.02566723,0.78766537,0.5734473677495848,0.4951605202365948
Cancer Epithelial,Normal Epithelial,ZG16B,CXCR4,0.45911783,0.022,0.091982394,0.4738867193411604,-0.5130260358537851,0.010613905,0.7615017,1.0,0.49585459833146744
PVL,Myeloid,CCL19,CCRL2,0.3647468,0.0,0.12949285,0.7713879269778081,1.8278609919961442,0.32480666,0.79116213,0.019507626198568738,0.49654916301226765
PVL,B-cells,CXCL12,ITGA4,0.36711952,0.0,0.1300627,0.25144887361799506,0.34030407665160506,0.036329478,0.79152465,0.33139214807573364,0.5000320419287975
Myeloid,Cancer Epithelial,MIF,CD74_CXCR4,0.6474685,1.0,0.13035066,-0.335148004337853,-1.544531742687119,0.0016192936,0.79170704,1.0,0.5028301073038873
Plasmablasts,Cancer Epithelial,MIF,CD74_CXCR4,0.6492823,1.0,0.13074972,-0.3335297800907871,-1.5412519459087886,0.0016242509,0.791959,1.0,0.5049355743808265
PVL,Myeloid,CXCL12,CXCR4,0.6811066,0.0,0.40372032,0.15937372142279496,-0.08938802419771719,0.022006914,0.8699474,1.0,0.5075734532224121
B-cells,Normal Epithelial,CCL5,ACKR1,0.13625224,1.0,0.017147938,-0.17563716549275127,-1.5405737995161157,0.0024628234,0.57958525,1.0,0.5087775875361518
Myeloid,Myeloid,CXCL12,ITGA5,0.13141945,1.0,0.017196009,-0.10296763048113783,-0.563526402041576,0.005313215,0.57992625,1.0,0.5128487610954633
T-cells,T-cells,GNAI2,CXCR3,0.3680445,0.0,0.13214892,0.3688367831450848,0.4348941152052811,0.04365914,0.7928345,0.12043979111668372,0.5148382710853384
Endothelial,Normal Epithelial,CXCL12,ITGAV,0.40248927,0.0,0.13232131,0.20599432113596683,0.3433343739202041,0.027354814,0.7929416,0.4762405422871866,0.5153723836016021
PVL,PVL,CXCL12,ITGAV,0.3552013,0.0,0.11967529,0.16801951314231706,0.20083957931948285,0.024740499,0.7845739,0.6288179735592583,0.515728719043187
Cancer Epithelial,Cancer Epithelial,TFF3,CXCR4,0.46174338,0.008,0.089488514,0.35448874070386105,-0.39767875582041246,0.010631705,0.7589967,1.0,0.5164417165953639
B-cells,T-cells,GNAI2,CXCR3,0.3547864,0.0,0.12086475,0.3501878504936794,0.4089959478812311,0.03993109,0.78540856,0.14029866539965966,0.5171553709933625
Cancer Epithelial,Cancer Epithelial,MIF,CD74_CXCR4,1.2697464,0.0,0.26726058,0.2200767208025348,-0.4557636669081637,0.0033200702,0.8447815,1.0,0.5173977376848032
B-cells,Normal Epithelial,MIF,CD74_CXCR4,0.44707745,1.0,0.08922673,-0.514117716169243,-1.7780064114919611,0.0011084275,0.7587287,1.0,0.5182273344197674
Endothelial,Myeloid,CXCL12,CD4,0.6737957,0.0,0.44419205,0.9539415832825315,1.037252261809412,0.14200202,0.8752569,0.025909931335228623,0.5218857477296017
PVL,B-cells,CXCL12,ITGB1,0.35300022,1.0,0.11775694,-0.20213052554701122,-0.4440936969893061,0.005954925,0.78320515,1.0,0.5241488664521683
PVL,T-cells,CCL21,CXCR3,0.35272574,0.0,0.11911092,0.7606027472514278,1.4553738924075552,0.3473801,0.78417414,0.043345320495028386,0.5250498469126215
Endothelial,Myeloid,TGFB1,CXCR4,0.6711285,0.0,0.3852322,0.18667480773368256,-0.053247700914059004,0.022552207,0.8672725,1.0,0.5257113714520818
Cancer Epithelial,Cancer Epithelial,ZG16B,CXCR4,0.45690423,0.027,0.08842383,0.4720829819291016,-0.5102051921795522,0.010203281,0.75790036,1.0,0.5261325200810645
PVL,T-cells,CCL21,CCR7,0.38019127,0.0,0.13448574,0.5716864409015794,1.430342176832097,0.20264451,0.79427034,0.08544641639348631,0.5281213406950599
CAFs,Cancer Epithelial,CXCL12,ITGAV,0.88034713,0.0,0.26340097,0.7700714532530712,1.2304620283473848,0.05445294,0.8438254,0.09597540784822821,0.529998915979407
PVL,Myeloid,CXCL12,ITGA4,0.37289768,0.0,0.1350987,0.2643225951697841,0.20254769686482174,0.037736148,0.7946416,0.2983694140869396,0.5310231387873148
Endothelial,Plasmablasts,GNAI2,CXCR3,0.5803085,0.0,0.13521117,0.47349294700596767,0.5405300277921845,0.044670843,0.7947095,0.09996947915475916,0.5319321468227636
Plasmablasts,Normal Epithelial,CCL5,ACKR1,0.13845825,1.0,0.01758302,-0.17330603928517377,-1.4912314857501214,0.0025253107,0.5826348,1.0,0.5346553981494042
Myeloid,Normal Epithelial,MIF,CD74_CXCR4,0.6496821,1.0,0.13559654,-0.3333442669257942,-1.547352586361352,0.0016844609,0.7949416,1.0,0.5346652240335644
CAFs,T-cells,CXCL12,CD4,0.87976056,0.0,0.2615291,0.8473415661978244,1.4008402307284802,0.08360721,0.8433549,0.09597540784822821,0.5361129253542715
Plasmablasts,Normal Epithelial,MIF,CD74_CXCR4,0.6514959,1.0,0.13601166,-0.3317260426787283,-1.5440727895830215,0.0016896178,0.79519063,1.0,0.537407817450073
CAFs,Plasmablasts,TGFB1,CXCR4,0.34946033,1.0,0.11945823,-0.12588637651206988,-0.8348080867842531,0.0069933054,0.7844205,1.0,0.5381406539432712
T-cells,Plasmablasts,CCL5,CXCR3,1.0560069,0.0,0.2601951,0.93282522512252,1.9914249307113077,0.113801725,0.8430168,0.04760822322847845,0.5406579247036297
Plasmablasts,Plasmablasts,HMGB1,CXCR4,0.6642927,1.0,0.37200233,-0.5004426198503227,-1.3791427534467529,0.0038509376,0.86524826,1.0,0.5417962132778985
Normal Epithelial,Myeloid,ZG16B,CXCR4,0.6640248,0.0,0.37206984,0.36224751325430976,0.11872172565797723,0.042933367,0.8652588,0.46573734346016166,0.5427075160938581
PVL,PVL,CXCL12,AVPR1A,0.37538543,0.0,0.1372669,0.6369828397752921,0.509526819652875,0.13711233,0.79593766,0.09597540784822821,0.5431052913168657
Myeloid,T-cells,CCL5,CXCR3,0.37414426,0.0,0.13734056,0.45767072261842406,0.04531877502643522,0.06006874,0.7959812,0.687501205744533,0.5436587759634215
Myeloid,Cancer Epithelial,CCL5,SDC1,0.37417454,0.0,0.1373601,0.2427251874728997,-0.2590329842511928,0.02744585,0.7959928,1.0,0.5440280318495411
B-cells,Plasmablasts,TGFB1,CXCR4,0.37194076,1.0,0.137491,-0.08834107681101447,-0.6898456920170055,0.008048978,0.7960701,1.0,0.545136630535126
Endothelial,Normal Epithelial,CXCL12,ITGB1,0.6626147,0.0,0.4313393,0.147486231301988,0.1688372073290072,0.021812672,0.8736451,0.7300847031360691,0.5479579443796796
Myeloid,PVL,CXCL9,ADRA2A,0.40937507,0.0,0.13805293,0.7837952304208744,1.0924562790855628,0.29623893,0.796401,0.0333280692545791,0.5482858941968533
Myeloid,Plasmablasts,GNAI2,CXCR3,0.59195,0.0,0.13826983,0.48986832699933386,0.5223240692460656,0.045681354,0.7965283,0.09597540784822821,0.5488428924137576
Normal Epithelial,Plasmablasts,TFF3,CXCR4,0.34597325,1.0,0.116661064,0.0019121179678287248,-0.20729725319609216,0.013859944,0.7824103,1.0,0.5488428924137576
CAFs,Cancer Epithelial,CXCL14,CXCR4,0.6844396,0.0,0.13848482,0.37105572477552906,0.29903445450091715,0.010119639,0.7966541,0.896901074833417,0.549958020290084
Myeloid,CAFs,CCL5,SDC1,0.37616137,0.0,0.13864252,0.24682853530597146,-0.07604149154196915,0.02770209,0.7967463,1.0,0.5510748309538319
B-cells,Cancer Epithelial,MIF,CD74_CXCR4,0.44486386,1.0,0.08577478,-0.5159214535813017,-1.7751855678177282,0.0010655455,0.75509894,1.0,0.5518200372362037
PVL,Myeloid,CXCL12,ITGAV,0.34490654,0.0,0.11070282,0.145527221749534,0.11226862898014783,0.022885617,0.7779149,0.7421757543476597,0.552565915033224
CAFs,T-cells,CXCL10,CXCR3,0.34414184,0.0,0.11180499,0.5276430114647117,0.9472505841299546,0.094457775,0.7787695,0.09597540784822821,0.5570558243542644
CAFs,T-cells,CXCL9,CXCR3,0.37728974,0.0,0.14001772,0.6194213842956993,1.174010685016504,0.14425355,0.7975443,0.09597540784822821,0.5600625689726806
Endothelial,Cancer Epithelial,MIF,CD74_CXCR4,0.6961165,1.0,0.14105392,-0.29174213780517844,-1.4397393385000685,0.0017522556,0.7981389,1.0,0.5647821696791502
CAFs,Cancer Epithelial,MIF,CD74_CXCR4,0.69840723,1.0,0.1415579,-0.28969766762947885,-1.3881249969894094,0.0017585165,0.7984261,1.0,0.5674366833760593
PVL,Normal Epithelial,CXCL12,SDC4,0.65182793,0.0,0.3782023,0.6959068577668978,0.7007655284100364,0.06834854,0.8662089,0.09597540784822821,0.57145443491231
Myeloid,Endothelial,CXCL10,TLR4,0.46410114,0.0,0.08338163,0.5871764452041416,1.4594938053602116,0.1351762,0.7524731,0.09597540784822821,0.5762172996660719
Cancer Epithelial,T-cells,GNAI2,CXCR3,0.33890304,0.0,0.10734618,0.3278460504826062,0.23465433416328413,0.03546485,0.7752438,0.2233452681033051,0.5810270989651827
Myeloid,Endothelial,CXCL12,ITGB1,0.64716506,0.0,0.14381726,0.09695120139291356,-0.31063980135689295,0.007272786,0.79969734,1.0,0.5817990628107803
CAFs,Normal Epithelial,CXCL14,CXCR4,0.6866532,0.0,0.14405806,0.37285946218758786,0.2962136108266842,0.010526897,0.7998313,0.907834797307575,0.583151689304003
T-cells,PVL,CXCL13,ADRA2A,0.33678335,0.0,0.103569314,0.730094597887006,1.4731110175894373,0.30299047,0.77210796,0.05625770324270503,0.589752013298833
T-cells,B-cells,CXCL13,CXCR5,0.33635277,0.0,0.103193805,0.7748632824346352,1.5160730968092917,0.41571233,0.77178824,0.03625142127781429,0.5922885922115989
Endothelial,Myeloid,CXCL12,ITGAV,0.41439602,0.0,0.14600828,0.2320084906233822,0.3863804889706463,0.030184323,0.8009055,0.3876605844434604,0.594049163621625
Myeloid,Normal Epithelial,CXCL10,ACKR1,0.4630216,0.0,0.08159517,0.3698045353461675,0.5509354251145558,0.022636674,0.7504506,0.568688000438594,0.5950285416768732
PVL,Plasmablasts,TGFB1,CXCR4,0.33548182,1.0,0.10824532,-0.1492322888484428,-0.855900624750862,0.006336881,0.7759697,1.0,0.5965980404354101
Endothelial,Normal Epithelial,MIF,CD74_CXCR4,0.6983301,1.0,0.14673054,-0.28993840039311963,-1.4425601821743015,0.001822774,0.8012986,1.0,0.5977771112191976
CAFs,Normal Epithelial,MIF,CD74_CXCR4,0.70062083,1.0,0.14725481,-0.28789393021742005,-1.3909458406636424,0.0018292868,0.80158246,1.0,0.5999424986396056
Endothelial,Myeloid,CXCL12,ITGA5,0.35742038,0.0,0.080513954,0.17829536059830778,0.3214000236451763,0.024877166,0.74919945,0.5789575018665579,0.6042887643219763
PVL,Normal Epithelial,CXCL12,ITGAV,0.3329998,0.0,0.10032542,0.11951305226211864,0.06922251392970563,0.020740295,0.76929617,0.8839994620737605,0.6074630027563269
Myeloid,Cancer Epithelial,CXCL12,ITGB1,0.3869945,1.0,0.07994251,-0.18815074904311013,-0.8162558205396043,0.004042663,0.7485297,1.0,0.6118456565078816
Plasmablasts,Plasmablasts,CCL5,SDC1,0.33148205,0.0,0.08641677,0.22738690189440422,-0.3388751995550908,0.01726689,0.75578773,1.0,0.6138447883313782
PVL,PVL,CCL19,ADRA2A,0.3309122,0.0,0.10078032,0.7070111586246812,1.7589647966977304,0.32763198,0.7696974,0.025445258114571673,0.6178559192593551
B-cells,Normal Epithelial,CCL5,SDC4,0.52088463,0.0,0.15091674,0.5326628369162528,-0.07377400543188994,0.025229625,0.8035286,1.0,0.6216827086311809
B-cells,Myeloid,TGFB1,CXCR4,0.6346196,0.0,0.31758592,0.12570022648517595,-0.031681526953310835,0.018592067,0.8557594,1.0,0.6230350159764675
B-cells,Plasmablasts,CCL5,SDC1,0.32927606,0.0,0.08427844,0.22505577568682672,-0.3882175133210849,0.01683963,0.75346804,1.0,0.6253225140358949
PVL,CAFs,CXCL12,ITGA5,0.32905677,0.0,0.09688884,0.19462080400414916,0.18724218607290113,0.029936671,0.7661887,0.5178248296280784,0.6255252666910754
Myeloid,T-cells,CCL20,CXCR3,0.32608694,0.0,0.096438184,0.7822126159180647,1.2266021279380204,0.36922863,0.76577085,0.03389077756976135,0.6394070794425668
Plasmablasts,Normal Epithelial,CCL5,SDC4,0.5230906,0.0,0.15474583,0.5349939631238304,-0.02443169166589587,0.025869757,0.8054989,0.9948734011767396,0.6404358744621277
Endothelial,B-cells,CXCL12,ITGB1,0.4224897,1.0,0.15531212,-0.11564925667316303,-0.16998183699880764,0.007854077,0.8057849,1.0,0.643528687360286
Normal Epithelial,Normal Epithelial,MIF,CD74_CXCR4,1.0699186,0.063,0.23177543,0.041610451036632745,-0.9542806395840799,0.0028792522,0.83521074,1.0,0.6436959879413131
Normal Epithelial,T-cells,GNAI2,CXCR3,0.32470852,0.0,0.09526501,0.3078799440398228,0.19758116110551271,0.03147349,0.7646714,0.28669903630594984,0.6447687876606114
Myeloid,T-cells,CXCL10,CXCR3,0.6264943,0.0,0.3521197,0.9244719155017719,1.9329459982132935,0.29748625,0.8620138,0.008654491962296737,0.6451457919418502
T-cells,CAFs,CCL5,SDC4,1.0486507,0.0,0.23105483,0.770932411974107,1.8099488903833165,0.03862677,0.8349963,0.1507073880327358,0.6463546458055511
T-cells,Myeloid,CCL5,SDC4,1.0486188,0.0,0.2309284,0.7708715860580867,1.8110250897974607,0.038605638,0.8349586,0.1510581761021404,0.6468384845896435
Myeloid,Cancer Epithelial,CXCL12,SDC4,0.37314397,0.0,0.07654205,0.2681241678715451,-0.12777640739866652,0.013832644,0.7444166,1.0,0.6491210066586794
CAFs,PVL,IL15RA,AXL,0.32380772,0.0,0.09782452,0.5974274749998625,0.634932873644193,0.10875332,0.7670485,0.09597540784822821,0.6499523439726377
Myeloid,Plasmablasts,CCL5,SDC1,0.4036954,0.0,0.15641467,0.30369628364239765,-0.1843355118772717,0.031253133,0.8063378,1.0,0.6514086009944828
Myeloid,Plasmablasts,CXCL9,CXCR3,0.35630074,0.0,0.076355875,0.42715784052002936,0.7808293380865023,0.0786658,0.74418485,0.09597540784822821,0.6514086009944828
Endothelial,PVL,CXCL12,ITGAV,0.42469078,0.0,0.15784228,0.2545007820161652,0.4749514393099813,0.032630768,0.8070462,0.3223102338095605,0.6608228384265733
Endothelial,Plasmablasts,CXCL12,CXCR3,0.35306314,0.0,0.075505234,0.22793342975552605,0.3551940392405609,0.035699204,0.74311703,0.40063404633497735,0.6622954777392727
Endothelial,Myeloid,IL15,IL2RA,0.1418736,0.0,0.01998693,0.38641709366195953,0.2633584691891105,0.121231794,0.598128,0.18389682712344546,0.6676998636514653
Myeloid,Normal Epithelial,CXCL11,ACKR1,0.15070345,0.562,0.019998085,0.15220408178537206,-0.4347964206085083,0.019673504,0.5981951,1.0,0.6691613708892166
Myeloid,Cancer Epithelial,HMGB1,CXCR4,0.7798508,1.0,0.15947664,-0.3529419036839432,-1.4667797894832413,0.0016508892,0.80784696,1.0,0.670327543034495
Normal Epithelial,Plasmablasts,ZG16B,CXCR4,0.4013459,0.997,0.16107848,0.1482062099581193,-0.5394424394057175,0.018586945,0.80862147,1.0,0.6779964735957088
Myeloid,Myeloid,CCL5,CCR1,0.31776318,0.0,0.100948766,0.5341278014569175,-0.1607181065054078,0.07736378,0.76984537,0.687501205744533,0.6801369417903301
Endothelial,Cancer Epithelial,CXCL12,ITGB1,0.61299545,0.0,0.37430125,0.09311224203633545,0.06867060514714796,0.018928278,0.865607,1.0,0.6807464361190796
Myeloid,T-cells,CXCL12,CD4,0.14333013,1.0,0.020120213,-0.06916196258949461,-0.44255408518666683,0.006432152,0.59892654,1.0,0.6808317937540765
CAFs,Myeloid,CXCL12,ITGA5,0.8678498,0.0,0.22351933,0.8135358983061812,1.2798679138735711,0.0690629,0.8326994,0.09597540784822821,0.680992418728688
CAFs,Myeloid,TGFB1,CXCR4,0.61213917,0.0,0.2759326,0.08815492678412055,-0.17664392172055848,0.016153606,0.84686357,1.0,0.6817304215364257
PVL,B-cells,CCL19,CCR7,0.61138195,0.0,0.33879083,0.8385050801766862,2.2693820542792973,0.27320865,0.85970277,0.019316139612316676,0.6839459526725243
Endothelial,Normal Epithelial,HMGB1,CXCR4,1.0310062,1.0,0.2228696,-0.09743298047240395,-1.1150050413717947,0.002307128,0.83249664,1.0,0.6839459526725243
Normal Epithelial,Cancer Epithelial,MIF,CD74_CXCR4,1.067705,0.104,0.22280864,0.03980671362457397,-0.951459795909847,0.0027678616,0.8324775,1.0,0.6846850844384575
Cancer Epithelial,Normal Epithelial,HMGB1,CXCR4,1.026202,1.0,0.22177008,-0.10232928681902814,-1.0842989070290159,0.0022957455,0.8321515,1.0,0.6883839590451543
Myeloid,Cancer Epithelial,CXCL12,ITGAV,0.14391671,1.0,0.020264223,-0.14643207553424778,-0.6129322875677622,0.0041892272,0.5997829,1.0,0.6890746976643679
PVL,Normal Epithelial,HMGB1,CXCR4,1.0252956,1.0,0.22156264,-0.10325268859643322,-1.0780297202817302,0.0022935984,0.8320861,1.0,0.6896183935444781
B-cells,Myeloid,CCL5,SDC4,0.14524214,1.0,0.020274479,-0.18374549903340043,-0.8738571955057107,0.003389402,0.5998436,1.0,0.6900431219335799
Normal Epithelial,Myeloid,TFF3,CXCR4,0.6086521,0.0,0.26947153,0.21595342126401917,0.4508669118676025,0.032014627,0.8453209,0.4403372854197282,0.690359343352153
B-cells,CAFs,CCL5,SDC4,0.14527406,1.0,0.020285578,-0.18368467311738002,-0.874933394919855,0.0033912575,0.59990925,1.0,0.6910113319270197
Endothelial,Endothelial,CXCL12,ITGAV,0.42983425,0.0,0.16375475,0.26573817037230374,0.45812784090501946,0.03385305,0.80989325,0.295455316373583,0.691124178240242
CAFs,Cancer Epithelial,CXCL10,SDC4,0.443129,0.0,0.16381793,0.4482746660283562,0.8143124350029936,0.052900724,0.80992293,0.09597540784822821,0.6913407135871246
Cancer Epithelial,Plasmablasts,TFF3,CXCR4,0.60727847,0.0,0.32626814,0.47307638978780864,0.04971383360296833,0.03876236,0.857416,0.7032812416378321,0.6945628689152559
CAFs,T-cells,GNAI2,CXCR3,0.40633655,0.0,0.1647399,0.42269898674026896,0.42312464946488065,0.054426495,0.8103546,0.09597540784822821,0.6952473020117483
Myeloid,T-cells,CXCL11,CXCR3,0.3141761,0.0,0.0863007,0.7068714619409765,0.9472141524902293,0.2585449,0.7556637,0.06964344149972558,0.6965529636854735
Myeloid,Myeloid,CCL5,CCRL2,0.31395862,0.0,0.09849307,0.47786280624057575,-0.10905221685057653,0.06922723,0.76765645,0.687501205744533,0.6974241095035933
Myeloid,CAFs,CXCL12,ITGB1,0.73527414,0.0,0.16544901,0.19350427750369076,-0.08627314757212612,0.008366696,0.81068444,1.0,0.6978600561067063
Myeloid,Normal Epithelial,HMGB1,CXCR4,0.7820644,1.0,0.16589467,-0.35113816627188443,-1.4696006331574742,0.0017173281,0.81089073,1.0,0.7006976293215486
PVL,Myeloid,CXCL12,CD4,0.6043062,0.0,0.3367844,0.8674603144086833,0.7631404018189136,0.107665285,0.8593442,0.09597540784822821,0.7052310526351864
Endothelial,Plasmablasts,TGFB1,CXCR4,0.4084497,1.0,0.16677679,-0.027366495562507892,-0.7114118659777537,0.009763422,0.81129706,1.0,0.7063962397709882
Cancer Epithelial,Plasmablasts,ZG16B,CXCR4,0.6024393,0.0,0.32238638,0.5906706310130492,-0.0628126027561714,0.03720036,0.85668284,0.9826996326446533,0.7092135987929812
Myeloid,Endothelial,CXCL12,ITGA5,0.34998083,0.0,0.070855245,0.4433945940587463,0.006643163144022246,0.021892821,0.7370034,0.866300366478961,0.717663527273517
Endothelial,Cancer Epithelial,HMGB1,CXCR4,1.0287926,1.0,0.21424736,-0.09923671788446273,-1.1121841976975617,0.0022178714,0.82972753,1.0,0.718199583489507
PVL,T-cells,GNAI2,CXCR3,0.41108376,0.0,0.16878036,0.42937626750222285,0.4671686492244872,0.05576137,0.8122094,0.09597540784822821,0.7189968893411706
Plasmablasts,Myeloid,CCL5,SDC4,0.14744815,1.0,0.020788888,-0.1814143728258229,-0.8245148817397167,0.0034753988,0.60284686,1.0,0.7208914280282595
Endothelial,Cancer Epithelial,CXCL12,SDC4,0.59914494,0.0,0.35837987,0.5493871589509907,0.7571500182880857,0.06476624,0.86305857,0.09597540784822821,0.7212026991263488
Cancer Epithelial,Cancer Epithelial,HMGB1,CXCR4,1.0239885,1.0,0.21319036,-0.10413302423108692,-1.081478063354783,0.0022069293,0.82937795,1.0,0.7222044768093564
Plasmablasts,CAFs,CCL5,SDC4,0.14748007,1.0,0.020800268,-0.18135354690980252,-0.8255910811538609,0.0034773012,0.60291237,1.0,0.7228102988938879
PVL,Cancer Epithelial,HMGB1,CXCR4,1.0230821,1.0,0.21299095,-0.105056426008492,-1.0752088766074972,0.0022048652,0.8293117,1.0,0.7229562651077303
PVL,T-cells,CXCL12,ITGA4,0.41234848,0.0,0.1694823,0.3522176290347177,0.47500009060633464,0.047340278,0.81252575,0.13831626029265692,0.7234536326823939
PVL,Myeloid,TGFB1,CXCR4,0.5981607,0.0,0.25003228,0.06480901444774761,-0.1977364596871674,0.014637352,0.8403624,1.0,0.7239589059716736
T-cells,Cancer Epithelial,HMGB1,CXCR4,0.8273824,1.0,0.16993426,-0.3045002486133831,-1.2346109616137162,0.0017591456,0.8127285,1.0,0.7256886858420243
Myeloid,Normal Epithelial,CCL5,SDC4,0.595304,0.0,0.2800905,0.6113033448718238,0.13010799601192324,0.046824355,0.8478309,0.4319774576243848,0.7297321892767413
Endothelial,B-cells,CXCL12,ITGA4,0.436609,0.0,0.17154244,0.3379301424918433,0.6144159366421036,0.04791572,0.8134443,0.1580217495567931,0.7339990130186826
Myeloid,Myeloid,CXCL12,ITGB1,0.34469154,1.0,0.06955667,-0.2345075203610909,-0.9029922068503886,0.003517455,0.73520684,1.0,0.73580392661199
PVL,Normal Epithelial,CXCL12,ITGB1,0.5931252,0.0,0.32703948,0.0610049624281398,-0.10527465266149127,0.016538268,0.8575603,1.0,0.7362754232995412
Myeloid,Normal Epithelial,TGFB1,CXCR4,0.36078477,1.0,0.06947706,0.0156087794587067,-0.9995068937934948,0.0040673153,0.7350953,1.0,0.7371598675195975
CAFs,Plasmablasts,CXCL12,CXCR3,0.8634926,0.0,0.20961432,0.8631739674633995,1.3136619294689558,0.099106565,0.8281777,0.08162618381234352,0.7382923080629289
PVL,Plasmablasts,CXCL12,ITGB1,0.30550694,1.0,0.076363824,-0.25417505751827485,-0.6422366802204031,0.0038616906,0.74419475,1.0,0.7387435866423303
Endothelial,PVL,CXCL12,ACKR3,0.34762913,0.0,0.06925875,0.3890115317248459,0.48994930822345917,0.09282348,0.7347888,0.10113378304736693,0.7401029245052151
Normal Epithelial,Normal Epithelial,HMGB1,CXCR4,0.9665376,1.0,0.20811477,-0.16313521410562223,-1.2892097427480393,0.002154387,0.8276662,1.0,0.7440999830309283
B-cells,Plasmablasts,MIF,CD74_CXCR4,0.5903989,1.0,0.31272814,-0.3973338044973542,-1.3277929783943474,0.003884895,0.85480547,1.0,0.7443528375387638
Plasmablasts,CAFs,CCL5,SDC1,0.30394801,0.0,0.07659792,0.170519153557978,-0.23058117921978827,0.015304991,0.744486,1.0,0.7460129417854408
Myeloid,Plasmablasts,CCL13,CXCR3,0.14625224,0.0,0.021168206,0.3990724395495177,0.2951495635888941,0.13088642,0.6050094,0.14992034888294467,0.7467050486473972
PVL,Plasmablasts,CXCL12,CXCR4,0.4184278,1.0,0.17478077,-0.054667581873395474,-0.7475521892614119,0.009527352,0.81485915,1.0,0.7494366719155977
CAFs,Cancer Epithelial,CXCL12,CXCR4,0.8528117,0.0,0.17552906,0.5484665756243786,0.03763497153410067,0.009568142,0.81518114,1.0,0.7519541249226759
Plasmablasts,Cancer Epithelial,CCL5,SDC1,0.30196118,0.0,0.0758894,0.16641580572490625,-0.4135726719290119,0.015163423,0.74360114,1.0,0.7572360168798707
Plasmablasts,T-cells,CCL5,CXCR3,0.3019309,0.0,0.07587861,0.3813613408704306,-0.1092209126513839,0.033187084,0.74358755,1.0,0.7576965424205148
B-cells,CAFs,CCL5,SDC1,0.30174202,0.0,0.074702546,0.1681880273504005,-0.27992349298578234,0.014926278,0.7420956,1.0,0.7583875735319076
T-cells,Normal Epithelial,HMGB1,CXCR4,0.829596,1.0,0.17677316,-0.30269651120132435,-1.2374318052879492,0.0018299413,0.8157126,1.0,0.7590790246697527
Normal Epithelial,Normal Epithelial,CXCL14,CXCR4,0.3547646,1.0,0.06809923,-0.028838677186536738,-0.7073171525898724,0.0049762824,0.73314047,1.0,0.7597708959616627
PVL,CAFs,CXCL12,ITGAV,0.42102975,0.0,0.17704853,0.3118430460264591,0.3430970471928443,0.036601283,0.81582963,0.1997454767531981,0.7602324485778806
Plasmablasts,Myeloid,IL15RA,AXL,0.1634242,0.0,0.02141438,0.14967502427962484,0.12230963497164492,0.023806762,0.6063901,0.719273035230062,0.7604871333845175
B-cells,Cancer Epithelial,HMGB1,CXCR4,0.8621068,1.0,0.17757413,-0.26911181389923594,-1.2148393838445295,0.0018382329,0.8160522,1.0,0.761849247161364
PVL,Cancer Epithelial,CXCL12,ITGAV,0.30042815,0.0,0.07193739,0.04834964667134961,-0.00211772187150841,0.014871631,0.7384697,1.0,0.7634681210075909
Endothelial,Myeloid,CXCL12,ITGA4,0.44238716,0.0,0.17818452,0.35080386404363234,0.47665955685532024,0.049771003,0.8163096,0.13971827722381341,0.7655529903595315
Myeloid,Plasmablasts,CXCL12,ITGB1,0.14899549,1.0,0.021511119,-0.44895677972387227,-1.253051245916657,0.0010878093,0.60692793,1.0,0.7680669104662723
PVL,T-cells,CXCL12,CD4,0.29984158,0.0,0.07142615,0.12561975961610278,0.16826048050958695,0.022833947,0.7377804,0.8466280992141655,0.7685713081776673
B-cells,Cancer Epithelial,CCL5,SDC1,0.29975516,0.0,0.074011564,0.16408467951732875,-0.462914985695006,0.014788213,0.74120533,1.0,0.7695014982498731
B-cells,T-cells,CCL5,CXCR3,0.2997249,0.0,0.07400104,0.37903021466285314,-0.15856322641737797,0.03236589,0.7411916,1.0,0.7697343254330554
Endothelial,CAFs,CXCL12,SDC4,0.34570688,0.0,0.0670491,0.0660406166071131,0.1737179989125698,0.012117083,0.7316175,1.0,0.7750990568711098
Endothelial,Myeloid,CXCL12,SDC4,0.34567496,0.0,0.067012414,0.06597979069109272,0.17479419832671403,0.012110453,0.73156375,1.0,0.77603472319551
PVL,T-cells,CCL19,CXCR3,0.42493248,0.0,0.18056722,0.7511958433556564,1.982231983873156,0.281836,0.8173034,0.025254298880802974,0.776970924253803
CAFs,PVL,CXCL12,CD4,0.8544789,0.0,0.18084945,0.7857416931288317,1.262353917238672,0.057815056,0.81741995,0.09597540784822821,0.7786111419111093
Myeloid,Cancer Epithelial,TGFB1,CXCR4,0.35857117,1.0,0.06678917,0.013805042046647925,-0.9966860501192618,0.003909962,0.7312359,1.0,0.7788458029246296
Endothelial,PVL,CXCL12,AVPR1A,0.4448749,0.0,0.18104422,0.7234641086491403,0.7836386796433735,0.18084036,0.81750035,0.08794082633090437,0.780253884897913
Normal Epithelial,Cancer Epithelial,HMGB1,CXCR4,0.964324,1.0,0.20006335,-0.164938951517681,-1.2863888990738064,0.0020710395,0.82483417,1.0,0.7810243073888319
Endothelial,Endothelial,CXCL12,ITGA5,0.57598174,0.0,0.3317535,0.7246575851381919,0.8915695888307745,0.10250505,0.8584321,0.07076573371887207,0.7864153012399238
CAFs,Plasmablasts,CXCL12,ITGA4,0.85492826,0.0,0.18228346,0.7679516873005123,1.233877251212797,0.05091593,0.8180086,0.09597540784822821,0.786611477518758
CAFs,Normal Epithelial,CXCL12,CXCR4,0.8550253,0.0,0.18259312,0.5502703130364375,0.034814127859867705,0.0099532055,0.8181349,1.0,0.7885018268950168
T-cells,Plasmablasts,TGFB1,CXCR4,0.42908162,1.0,0.1833268,0.0070916968886360066,-0.5234079742990765,0.010732289,0.81843305,1.0,0.7937158430775053
T-cells,PVL,CXCL13,CCR10,0.29484034,0.0,0.06699088,0.5658745844167166,1.329783386281958,0.19802049,0.7315322,0.09597540784822821,0.795855396781991
Endothelial,Normal Epithelial,CXCL12,CXCR4,0.34459582,1.0,0.065771915,-0.08497022467143603,-0.9236537623685271,0.0035852469,0.7297251,1.0,0.7960932881967868
Endothelial,Plasmablasts,CXCL12,ITGA4,0.34449878,0.0,0.06566037,0.1327111495926389,0.27540936098440205,0.01834044,0.7295577,0.8728242978923175,0.7975220758496759
Normal Epithelial,Cancer Epithelial,CXCL14,CXCR4,0.352551,1.0,0.06546465,-0.030642414598595513,-0.7044963089156394,0.004783763,0.72926307,1.0,0.8006237932125123
Endothelial,Myeloid,CXCL12,ITGB1,0.5706925,0.011,0.32567337,0.0467554707183547,-0.01806578116363633,0.016469184,0.85730445,1.0,0.8021353301711909
B-cells,Normal Epithelial,HMGB1,CXCR4,0.8643204,1.0,0.18472049,-0.26730807648717714,-1.2176602275187625,0.0019122113,0.81899506,1.0,0.8027757375323543
T-cells,Normal Epithelial,CCL5,ACKR1,1.0396289,0.0,0.19531679,0.7789799195987358,1.144308485787056,0.028051812,0.82309276,0.350460281117095,0.8047208323289885
CAFs,Normal Epithelial,HMGB1,CXCR4,0.91044253,1.0,0.19527638,-0.22030263319153803,-1.2726414017650156,0.0020214852,0.8230777,1.0,0.8054969318456031
PVL,T-cells,CXCL12,CXCR3,0.43066823,0.0,0.18544903,0.5422742355134981,0.6159763074245483,0.08768111,0.81928664,0.09597540784822821,0.806611080091644
Myeloid,T-cells,CXCL12,ITGB1,0.3268695,1.0,0.06518115,-0.25403752857162476,-0.7444335184139791,0.0032961871,0.72883445,1.0,0.8068511099420976
Endothelial,PVL,CXCL12,CD4,0.34404942,0.0,0.06514383,0.1505011554209582,0.30388602701027717,0.020825576,0.7287778,0.7170122829135002,0.8070914109642604
Myeloid,T-cells,CCL13,CXCR3,0.29334685,0.0,0.068572566,0.7998945141813378,0.83004369176338,0.4239952,0.73381746,0.06964344149972558,0.8070914109642604
T-cells,T-cells,CXCL13,CXCR3,0.4308036,0.0,0.18556423,0.7742792826179812,1.6963782047648628,0.26063883,0.8193326,0.033097417272005325,0.8073315360911886
CAFs,Myeloid,CXCL12,SDC4,0.85610443,0.0,0.18603694,0.7012203283989662,1.1332620885551088,0.03362051,0.81952083,0.22369854599083938,0.8102176501103662
CAFs,CAFs,CXCL12,SDC4,0.8561363,0.0,0.1861388,0.7012811543149866,1.1321858891409646,0.033638917,0.81956136,0.2228748820232735,0.810699411566383
CAFs,Cancer Epithelial,HMGB1,CXCR4,0.90822893,1.0,0.18772164,-0.22210637060359684,-1.2698205580907826,0.0019432793,0.8201866,1.0,0.8172211054059865
CAFs,Normal Epithelial,CXCL10,SDC4,0.56530154,0.0,0.22801362,0.6812756337181115,1.0320398051154425,0.07363105,0.8340816,0.09597540784822821,0.8176836965824712
Myeloid,PVL,CXCL12,ITGB1,0.8275382,0.0,0.18810086,0.2946092532428252,0.09349893534799347,0.009512191,0.8203354,1.0,0.8196454617524399
CAFs,PVL,CXCL12,ACKR3,0.8580586,0.0,0.19227311,1.0242520694327193,1.4484171984518541,0.2576925,0.8219464,0.0033322004014656407,0.8247078427818507
Myeloid,Normal Epithelial,CCL5,SDC1,0.28897893,0.001,0.08236967,0.06676529076512597,-0.48584738250669396,0.016458241,0.7513342,1.0,0.8330644841704612
PVL,PVL,CCL19,CCR10,0.2889692,0.0,0.0651869,0.5427911451543918,1.6156371653902508,0.21412504,0.72884315,0.06937991655135281,0.8333099618299175
Endothelial,Cancer Epithelial,CXCL12,CXCR4,0.34238222,1.0,0.06322737,-0.0867739620834948,-0.9208329186942942,0.0034465431,0.72581667,1.0,0.8414329763902321
B-cells,Plasmablasts,CCL5,CXCR3,0.15263031,1.0,0.022843964,-0.02179185996896707,-0.6934573545918639,0.009991282,0.61407536,1.0,0.8457004208703717
Endothelial,T-cells,CXCL12,ITGB1,0.5528704,0.254,0.30518666,0.02722546250782082,0.1404929072727732,0.015433178,0.85328406,1.0,0.855599016542844
Myeloid,Myeloid,CXCL10,TLR4,0.5320965,0.0,0.19590452,0.8931183827109705,1.649851937091693,0.31759548,0.82331145,0.011395650713424743,0.8656149277586722
Myeloid,PVL,CXCL10,ADRA2A,0.532474,0.0,0.19652924,0.8802872307707967,1.709678811037868,0.34582525,0.8235429,0.013133077685658696,0.8681337911897036
CAFs,PVL,CXCL9,ADRA2A,0.28326946,0.0,0.07814835,0.5752366995647241,0.9507434978410785,0.16769354,0.7463873,0.09597540784822821,0.8714158713312159
Endothelial,PVL,IL15RA,AXL,0.28305584,0.0,0.064600796,0.4754019135202603,0.4993006567092062,0.07181789,0.72794974,0.09597540784822821,0.8731864035221635
Plasmablasts,Plasmablasts,CCL5,CXCR3,0.15483633,1.0,0.023423567,-0.019460733761389556,-0.6441150408258698,0.010244783,0.61704,1.0,0.8806343078613281
PVL,Myeloid,CXCL12,ITGA5,0.2879309,0.0,0.061045315,0.09181409172445956,0.04728816365467778,0.018861754,0.7223082,1.0,0.8833506028871447
PVL,Cancer Epithelial,CXCL12,ITGB1,0.54350597,0.583,0.2837935,0.006630973162487244,-0.20544125484335052,0.0143513335,0.8486762,1.0,0.8841384022435779
Myeloid,PVL,CCL5,ADRA2A,0.280124,0.0,0.07665414,0.413486037887449,-0.17794841214899026,0.069829404,0.7445558,0.687501205744533,0.8876940733503295
Myeloid,Cancer Epithelial,CCL5,SDC4,0.47313145,0.0,0.20123291,0.3783023771820685,-0.08761937410052584,0.03364127,0.8252548,1.0,0.8902558068963253
PVL,B-cells,CCL21,CCR7,0.5391753,0.0,0.22348289,0.8479119840724577,1.7425239628136966,0.33674636,0.8326881,0.017286342568695545,0.8969008886638999
PVL,T-cells,CCL19,CCR7,0.45239797,0.0,0.20387481,0.5622795370058079,1.9572002682976979,0.1644093,0.8261933,0.09597540784822821,0.9015853665067232
PVL,Cancer Epithelial,CXCL12,SDC4,0.52965546,0.0,0.271722,0.4629058900771425,0.4830381582975873,0.049105473,0.8458638,0.09597540784822821,0.9333119550863134
Myeloid,PVL,CXCL11,ACKR3,0.16164751,0.0,0.024436869,0.46712748927847614,0.5470752932986417,0.20752431,0.62203115,0.09597540784822821,0.9404077239305859
CAFs,CAFs,IL15RA,AXL,0.272609,0.0,0.07325108,0.4635258662951758,0.4738918188284454,0.08143457,0.7402135,0.09597540784822821,0.943061393265963
Myeloid,Normal Epithelial,CXCL9,ACKR1,0.33992267,0.0,0.05731693,0.27331253499624514,-0.06628710683774941,0.019390903,0.71594393,1.0,0.9534914587538652
T-cells,Plasmablasts,CXCL13,CXCR3,0.28370902,0.0,0.05728329,0.37345720798616094,1.161484076590377,0.08045866,0.7158842,0.11526700694651104,0.9540282046504156
PVL,Plasmablasts,CXCL12,CXCR3,0.28357366,0.0,0.057247724,0.14145216088167786,0.08108217925006245,0.027066972,0.715821,0.7623648849459647,0.9545654019639803
PVL,Plasmablasts,CCL19,CXCR3,0.27783787,0.0,0.05574072,0.3503737687238362,1.44733785569867,0.08700218,0.7130999,0.14021564229939465,0.9857903305749105
Endothelial,T-cells,CXCL12,ITGA4,0.48183796,0.0,0.2235338,0.43869889790856587,0.7491119505968331,0.062438093,0.83270395,0.09597540784822821,0.9921161255221732
Endothelial,Normal Epithelial,TGFB1,CXCR4,0.26512823,1.0,0.047584295,-0.14415040723439665,-1.1616252990753675,0.002785673,0.69664735,1.0,1.0
PVL,Cancer Epithelial,CXCL12,CXCR4,0.27289274,1.0,0.047938704,-0.17325523095734302,-1.1949447786847927,0.0026131533,0.69743085,1.0,1.0
PVL,Cancer Epithelial,TGFB1,CXCR4,0.1899468,1.0,0.029689424,-0.26781993793239034,-1.3032932141742428,0.0017380739,0.64463234,1.0,1.0
Endothelial,Myeloid,IL15RA,AXL,0.19732755,0.0,0.037428826,0.2511935403170914,0.22356981596569364,0.04161031,0.67069995,0.332183957407188,1.0
Endothelial,Plasmablasts,CXCL12,CXCR4,0.48791727,0.986,0.23052207,0.03181368700045273,-0.4734403292709134,0.012565825,0.8348372,1.0,1.0
PVL,CAFs,CXCL12,SDC4,0.2762174,0.118,0.050836325,-0.020440652266735096,-0.10039386107792866,0.009187117,0.70358694,1.0,1.0
Endothelial,T-cells,CXCL12,CXCR3,0.5001577,0.0,0.24459264,0.6287555043873463,0.8900881674150468,0.11564446,0.83888143,0.09597540784822821,1.0
PVL,Endothelial,CXCL12,ITGA5,0.50649226,0.0,0.251534,0.6381763162643437,0.617457728840276,0.07771886,0.8407637,0.09597540784822821,1.0
Endothelial,Cancer Epithelial,TGFB1,CXCR4,0.26291466,1.0,0.045743383,-0.14595414464645542,-1.1588044554011345,0.0026779026,0.69246215,1.0,1.0
Myeloid,B-cells,CXCL12,ITGA4,0.21060807,0.968,0.03663769,0.056667151412397684,-0.27051048904464875,0.010233742,0.6683365,1.0,1.0
Myeloid,B-cells,CXCL12,ITGB1,0.19648878,1.0,0.033171248,-0.39691224775260864,-1.05490826268556,0.0016774578,0.65722984,1.0,1.0
Myeloid,CAFs,CXCL12,ITGAV,0.26451832,0.069,0.049873248,0.11706132382086175,-0.2677175185034095,0.010310307,0.70158863,1.0,1.0
Myeloid,CAFs,CCL5,SDC4,0.21969342,1.0,0.037648562,-0.10504416516180907,-0.6710513934760418,0.0062939283,0.671346,1.0,1.0
Myeloid,CAFs,CXCL12,ITGA5,0.17254531,1.0,0.027292863,-0.0001609182014482291,-0.4235723796233527,0.008432936,0.6349344,1.0,1.0
Myeloid,CAFs,IL15RA,AXL,0.2196704,0.0,0.040933453,0.3050092431449155,0.27345021443633183,0.04550647,0.68050766,0.2116937620115803,1.0
Endothelial,CAFs,CXCL12,ITGAV,0.49051923,0.0,0.23351306,0.39832431490030734,0.6172089071833428,0.048274204,0.8357241,0.09597540784822821,1.0
Endothelial,CAFs,IL15RA,AXL,0.23185712,0.0,0.04837313,0.3415003048155736,0.3382596018934586,0.053777292,0.69838184,0.1527327894437461,1.0
PVL,Myeloid,CXCL12,ITGB1,0.501203,1.0,0.24692407,-0.0397257981554935,-0.2921776411541348,0.01248686,0.8395216,1.0,1.0
PVL,Myeloid,CXCL12,SDC4,0.27618548,0.119,0.050808508,-0.02050147818275548,-0.09931766166378445,0.00918209,0.70352983,1.0,1.0
Cancer Epithelial,Plasmablasts,GNAI2,CXCR3,0.19180845,1.0,0.033137538,-0.07297602414921399,-0.30023979401120177,0.010947924,0.65711534,1.0,1.0
PVL,Normal Epithelial,CXCL12,CXCR4,0.27510634,1.0,0.04986797,-0.17145149354528422,-1.1977656223590256,0.0027183178,0.70157754,1.0,1.0
Myeloid,Endothelial,CXCL12,ITGAV,0.2038333,1.0,0.034974407,-0.015524820707141868,-0.4267985847817328,0.0072302665,0.6631672,1.0,1.0
Normal Epithelial,Plasmablasts,CXCL14,CXCR4,0.49808607,0.082,0.23867899,0.08794523448535202,-0.25710371949225863,0.017441224,0.8372206,1.0,1.0
Normal Epithelial,Plasmablasts,GNAI2,CXCR3,0.17761394,1.0,0.029408107,-0.09294213059199745,-0.3373129670689732,0.009715801,0.64354116,1.0,1.0
PVL,Normal Epithelial,TGFB1,CXCR4,0.19216037,1.0,0.030884257,-0.2660162005203316,-1.3061140578484758,0.0018080215,0.6491386,1.0,1.0
PVL,PVL,CCL21,ADRA2A,0.2587055,0.0,0.0664796,0.7164180625204528,1.2321067052321295,0.40382645,0.73077923,0.0639880526269248,1.0
PVL,PVL,CCL21,CCR10,0.21676248,0.0,0.04300045,0.5521980490501632,1.0887790739246501,0.2639222,0.685839,0.09597540784822821,1.0
Myeloid,Myeloid,CCL5,SDC4,0.2196615,1.0,0.03762796,-0.10510499107782946,-0.6699751940618975,0.006290484,0.6712857,1.0,1.0
Myeloid,Myeloid,CXCL12,ITGA4,0.21638623,0.907,0.03805629,0.06954087296418675,-0.40826686883143204,0.01062999,0.67253333,1.0,1.0
PVL,PVL,CXCL12,CD4,0.27455994,0.0,0.049391754,0.06401988654711002,0.029774167019778697,0.015789857,0.70057213,1.0,1.0
PVL,PVL,CXCL12,ACKR3,0.27813965,0.0,0.05251167,0.30253026285099777,0.2158374482329607,0.07037834,0.7069568,0.2529587379940865,1.0
Myeloid,Myeloid,CXCL12,ITGAV,0.18839508,1.0,0.031184155,-0.04925450045606339,-0.498545936716106,0.0064467066,0.6502384,1.0,1.0
Myeloid,Myeloid,IL15RA,AXL,0.18514085,0.0,0.03167236,0.21470247864643335,0.1587604285085669,0.035210744,0.65200275,0.44545057238153896,1.0
PVL,Plasmablasts,CCL21,CCR10,0.18837954,0.0,0.027112052,0.42380694603155566,0.9769056193364228,0.16640462,0.6341637,0.09597540784822821,1.0
PVL,Plasmablasts,CCL21,CXCR3,0.20563117,0.0,0.03676929,0.3597806726196077,0.9204797642330692,0.107235506,0.6687337,0.12918519580294271,1.0
PVL,Plasmablasts,CCL19,CCR10,0.26058626,0.0,0.041100748,0.4144000421357841,1.5037637108020236,0.13500719,0.68095094,0.09597540784822821,1.0
PVL,Plasmablasts,GNAI2,CXCR3,0.26398918,0.613,0.05210214,0.028554192870402673,-0.0677254789499987,0.017213417,0.70614517,1.0,1.0
PVL,Plasmablasts,CXCL12,ITGA4,0.2750093,0.0,0.049783397,0.046229880718790715,0.0012975009939036053,0.013905639,0.70139986,1.0,1.0
Normal Epithelial,Normal Epithelial,ZG16B,CXCR4,0.25802445,1.0,0.045958467,0.031422298286230554,-0.9896558725033312,0.0053031757,0.6929614,1.0,1.0
Myeloid,Normal Epithelial,CCL5,ACKR1,0.2106716,1.0,0.03182533,-0.09699665753718033,-1.3366917980723025,0.0045708218,0.65254915,1.0,1.0
Myeloid,Normal Epithelial,CXCL12,ITGAV,0.17648834,1.0,0.02826092,-0.07526866994347875,-0.5415920517665482,0.005842386,0.63896435,1.0,1.0
PVL,T-cells,CXCL12,ITGB1,0.48338094,1.0,0.23139113,-0.05925580636602738,-0.13361895271772528,0.011701366,0.83509654,1.0,1.0
CAFs,Plasmablasts,GNAI2,CXCR3,0.25924194,0.82,0.05085486,0.02187691210844879,-0.11176947870960524,0.016801344,0.70362496,1.0,1.0
Normal Epithelial,Normal Epithelial,TFF3,CXCR4,0.2026518,1.0,0.033285413,-0.11487179370406003,-0.6575106862937059,0.0039544813,0.65761673,1.0,1.0
CAFs,Plasmablasts,CXCL10,CXCR3,0.19704723,0.0,0.034513965,0.12682093683289156,0.41235645595546866,0.029158916,0.6616854,0.8399338448165751,1.0
CAFs,Plasmablasts,CXCL9,CXCR3,0.23019515,0.0,0.043223176,0.21859930966387903,0.6391165568420181,0.044530768,0.6863953,0.43178447054630964,1.0
CAFs,PVL,CXCL10,ADRA2A,0.25012156,0.0,0.06240193,0.4834583267337367,0.7239833969545291,0.10980637,0.72450715,0.09597540784822821,1.0
Plasmablasts,CAFs,IL15RA,AXL,0.19795376,0.0,0.027676012,0.23998178877810702,0.23699942089940984,0.03076793,0.6365485,0.36435728840864134,1.0
CAFs,Normal Epithelial,TGFB1,CXCR4,0.20613888,1.0,0.034083493,-0.24267028818395864,-1.2850215198818669,0.0019953107,0.6602792,1.0,1.0
CAFs,Normal Epithelial,CXCL10,ACKR1,0.18066916,0.999,0.025908085,-0.027024368690892656,-0.4347599889687831,0.007187593,0.6288787,1.0,1.0
CAFs,Normal Epithelial,CXCL9,ACKR1,0.21381707,0.07,0.032445695,0.06475400414009483,-0.20799988808223369,0.010976712,0.6547345,1.0,1.0
Myeloid,PVL,CXCL11,ADRA2A,0.22015585,0.0,0.04816717,0.6626867772100014,0.7239469653148038,0.30055627,0.69793224,0.09597540784822821,1.0
Myeloid,PVL,CXCL12,AVPR1A,0.21887398,0.0,0.03866706,0.44220111756969477,-0.10128774604337876,0.03862352,0.67428416,0.9171623107494307,1.0
Myeloid,PVL,CXCL12,ITGAV,0.19868985,1.0,0.033711635,-0.02676220906328035,-0.409974986376771,0.0069692135,0.6590477,1.0,1.0
Myeloid,PVL,IL15RA,AXL,0.2708691,0.0,0.054665342,0.43891085184960216,0.4344912692520794,0.060772467,0.71110296,0.09597540784822821,1.0
Plasmablasts,Myeloid,CCL5,CCR1,0.24554983,0.0,0.05577269,0.4578184197089241,-0.3152577941832269,0.042742334,0.71315855,0.7625597954151865,1.0
Plasmablasts,Myeloid,CCL5,CCRL2,0.24174526,0.0,0.05441595,0.40155342449258236,-0.26359190452839565,0.038247015,0.7106331,0.9329227445710709,1.0
CAFs,Myeloid,IL15RA,AXL,0.23807943,0.0,0.056678202,0.3732191017966936,0.3592020329006804,0.0630102,0.71480304,0.11569757584249246,1.0
CAFs,Myeloid,CXCL10,SDC4,0.18965906,0.813,0.03063184,-0.03513270223154179,0.23195661504162177,0.009891753,0.6482035,1.0,1.0
CAFs,Myeloid,CXCL10,TLR4,0.24974406,0.0,0.062203575,0.4962894786739105,0.6641565230083543,0.100842856,0.72418934,0.09597540784822821,1.0
Myeloid,Plasmablasts,CCL20,CXCR3,0.17899233,0.0,0.029770263,0.38139054128624444,0.6917079997635345,0.1139801,0.6449438,0.107652199964666,1.0
Myeloid,Plasmablasts,CCL5,CXCR3,0.22704968,0.05,0.04239674,0.05684864798660389,-0.4895753531480507,0.018543094,0.6843138,1.0,1.0
Myeloid,Plasmablasts,CXCL11,CXCR3,0.16708153,0.0,0.026640844,0.30604938730915626,0.41232002431574344,0.079812266,0.63212746,0.2104529040281356,1.0
Myeloid,Plasmablasts,CXCL12,CXCR4,0.26191634,1.0,0.04923444,-0.24944930407899285,-1.3583667549576657,0.0026837836,0.70023745,1.0,1.0
Myeloid,Plasmablasts,TGFB1,CXCR4,0.5041062,0.609,0.2435081,0.13239269113059546,-0.549293460695881,0.014255414,0.8385809,1.0,1.0
Plasmablasts,Normal Epithelial,CCL5,SDC1,0.2167656,1.0,0.045508012,-0.009544090982867473,-0.6403870701845131,0.009092933,0.6919126,1.0,1.0
Myeloid,T-cells,CXCL12,CXCR3,0.2741568,0.0,0.052239604,0.34749251330790065,0.005161741728294533,0.02469911,0.70641845,0.8728242978923175,1.0
Myeloid,T-cells,CXCL12,ITGA4,0.25583702,0.0,0.047741897,0.1574359068291203,-0.13581447508991917,0.013335401,0.6969966,1.0,1.0
Myeloid,T-cells,CXCL9,CXCR3,0.5033953,0.0,0.24734822,0.8279799151518495,1.3157234662609882,0.25483105,0.83963716,0.021705427819988923,1.0
Plasmablasts,PVL,CCL5,ADRA2A,0.20791066,0.032,0.04235027,0.3371766561394556,-0.3324880998268094,0.038579706,0.68419534,1.0,1.0
Plasmablasts,PVL,IL15RA,AXL,0.24915247,0.0,0.036960445,0.3738833974827937,0.39804047571515744,0.041089606,0.6693078,0.12662849457968994,1.0
CAFs,Endothelial,CXCL10,TLR4,0.18174867,0.0,0.026475322,0.19034754116708147,0.4737983912768725,0.04292112,0.63140255,0.5328000754664269,1.0
Plasmablasts,Plasmablasts,TGFB1,CXCR4,0.26117954,1.0,0.04864341,-0.2733267724057348,-1.0736555151144125,0.0028476752,0.69896835,1.0,1.0
CAFs,Cancer Epithelial,TGFB1,CXCR4,0.20392528,1.0,0.03276489,-0.2444740255960174,-1.282200676207634,0.0019181174,0.6558401,1.0,1.0
Plasmablasts,T-cells,GNAI2,CXCR3,0.26712215,0.464,0.04625229,0.22687816718880924,0.09522780523946728,0.015280754,0.693639,1.0,1.0
T-cells,Cancer Epithelial,TGFB1,CXCR4,0.2835466,1.0,0.0502827,-0.11149595219531153,-0.9708005637224573,0.0029436424,0.70244384,1.0,1.0
CAFs,CAFs,CXCL10,SDC4,0.18969098,0.824,0.03064861,-0.0350718763155214,0.23088041562747755,0.009897169,0.64826596,1.0,1.0
B-cells,Plasmablasts,GNAI2,CXCR3,0.20769179,1.0,0.037310693,-0.05063422413814078,-0.12589818029325478,0.012326644,0.6703508,1.0,1.0
B-cells,PVL,CCL5,ADRA2A,0.20570463,0.041,0.04130234,0.33484552993187805,-0.38183041359280345,0.037625074,0.6814822,1.0,1.0
B-cells,Normal Epithelial,TGFB1,CXCR4,0.2286193,1.0,0.039228555,-0.20512498848290323,-1.1400591251146193,0.0022965122,0.6758653,1.0,1.0
B-cells,Normal Epithelial,CCL5,SDC1,0.21455958,1.0,0.044381943,-0.011875217190444987,-0.6897293839505072,0.008867933,0.6892356,1.0,1.0
T-cells,Normal Epithelial,CXCL13,ACKR1,0.26733094,0.0,0.042999994,0.21961190246237672,0.31436763166612514,0.019832838,0.68583786,0.7453671236239671,1.0
T-cells,Normal Epithelial,TGFB1,CXCR4,0.28576016,1.0,0.0523063,-0.10969221478325275,-0.9736214073966902,0.0030621071,0.7065508,1.0,1.0
Normal Epithelial,Cancer Epithelial,TFF3,CXCR4,0.20043823,1.0,0.031997688,-0.11667553111611881,-0.6546898426194729,0.003801493,0.65316117,1.0,1.0
Normal Epithelial,Cancer Epithelial,ZG16B,CXCR4,0.2558109,1.0,0.044180453,0.02961856087417178,-0.9868350288290982,0.00509801,0.6887481,1.0,1.0
B-cells,Myeloid,CCL5,CCR1,0.24334382,0.0,0.054392625,0.4554872935013466,-0.364600107949221,0.0416847,0.710589,0.7958213594812857,1.0
B-cells,Myeloid,CCL5,CCRL2,0.23953925,0.0,0.053069457,0.39922229828500483,-0.3129342182943897,0.037300617,0.70805013,0.9778732733868073,1.0
T-cells,Plasmablasts,CXCL13,CCR10,0.26645738,0.0,0.042238172,0.4374834813981089,1.2179099316937305,0.124853164,0.6839089,0.09597540784822821,1.0
B-cells,Cancer Epithelial,TGFB1,CXCR4,0.22640571,1.0,0.0377109,-0.206928725894962,-1.1372382814403863,0.0022076662,0.6715285,1.0,1.0
T-cells,Plasmablasts,GNAI2,CXCR3,0.22094989,1.0,0.040794097,-0.031985291486735415,-0.1000000129692048,0.013477485,0.6801368,1.0,1.0
